country,1997,1998,1999,2000,2001,2002,2003,2004,2005,2006,2007,2008,2009,2010,2011,2012,2013,2014,2015,2016,2017,ISO3,lat,lon
Afghanistan,1190.0,419.0,587.0,443.0,490.0,8784.0,10827.0,22155.0,28090.0,49061.0,58051.0,58158.0,77394.0,92659.0,125464.0,124670.0,104610.0,103487.0,97147.0,83252.0,137688.0,AFG,33.0,65.0
Albania,11841.0,12929.0,9991.0,11830.0,13194.0,7368.0,10940.0,37045.0,32492.0,60003.0,59371.0,58798.0,66373.0,75686.0,80312.0,51187.0,70358.0,79508.0,58560.0,74116.0,84730.0,ALB,41.0,20.0
Algeria,195092.0,230389.0,359735.0,246121.0,232823.0,206904.0,485352.0,571688.0,391588.0,619348.0,783961.0,724972.0,927198.0,1070765.0,1258201.0,1228235.0,1232249.0,1487160.0,1096391.0,1145113.0,881358.0,DZA,28.0,3.0
Angola,4572.0,3869.0,3303.0,-408.0,2249.0,4086.0,7019.0,13859.0,10002.0,27005.0,30818.0,54718.0,16930.0,38014.0,78159.0,61716.0,99720.0,109264.0,58834.0,19168.0,19267.0,AGO,-12.5,18.5
Argentina,611681.0,666644.0,547555.0,445434.0,396113.0,-39160.0,-70913.0,-16703.0,98949.0,85148.0,239986.0,335188.0,180611.0,319804.0,529482.0,480441.0,442665.0,447293.0,589164.0,505127.0,495264.0,ARG,-34.0,-64.0
Armenia,1794.0,1554.0,10665.0,13462.0,2234.0,1384.0,13266.0,15906.0,17097.0,34847.0,58605.0,87664.0,67458.0,64802.0,76976.0,75902.0,67746.0,84800.0,44472.0,52246.0,77411.0,ARM,40.0,45.0
Australia,1159407.0,1195183.0,1163649.0,1364535.0,756868.0,766758.0,925498.0,1281858.0,1085854.0,1176633.0,1191261.0,1121478.0,857579.0,962504.0,896706.0,676375.0,969599.0,782921.0,437312.0,573475.0,543030.0,AUS,-27.0,133.0
Austria,-2272809.0,-1666056.0,-1601114.0,-1569795.0,-1790105.0,-2520036.0,-1632592.0,-2973188.0,-2798650.0,-2690537.0,-3706421.0,-3590265.0,-2792620.0,-2520272.0,-3029539.0,-2462498.0,-1794032.0,-2056489.0,-1668278.0,-2432159.0,-2588492.0,AUT,47.3333,13.3333
Azerbaijan,23734.0,29553.0,21299.0,32639.0,26117.0,32572.0,36297.0,74697.0,103192.0,137233.0,80623.0,103512.0,104391.0,139166.0,256186.0,246222.0,257097.0,110353.0,191740.0,167438.0,211339.0,AZE,40.5,47.5
Bahamas,29992.0,26488.0,28953.0,32670.0,28254.0,22799.0,17259.0,24862.0,50504.0,28506.0,25795.0,41873.0,25251.0,22738.0,27015.0,31923.0,30596.0,42168.0,36782.0,41980.0,18886.0,BHS,24.25,-76.0
Bahrain,23743.0,30247.0,24287.0,20172.0,19630.0,-1025.0,43076.0,44723.0,39211.0,73612.0,102251.0,63296.0,45626.0,108230.0,98395.0,64227.0,83026.0,155760.0,151362.0,153961.0,82003.0,BHR,26.0,50.55
Bangladesh,43287.0,125670.0,90852.0,121104.0,107293.0,68352.0,13503.0,57752.0,150378.0,230339.0,215137.0,187291.0,300304.0,331632.0,472502.0,380294.0,455515.0,578242.0,409798.0,739652.0,696164.0,BGD,24.0,90.0
Barbados,50244.0,47868.0,30234.0,26584.0,25406.0,20251.0,24663.0,28244.0,37411.0,34727.0,42224.0,40048.0,28868.0,34326.0,35080.0,27896.0,30283.0,33327.0,20708.0,26602.0,22391.0,BRB,13.1667,-59.5333
Belarus,-23286.0,-43410.0,-6070.0,30672.0,12101.0,-37960.0,-38912.0,-79347.0,-131876.0,26653.0,-59714.0,155899.0,129093.0,101503.0,51077.0,-50469.0,-77195.0,-111505.0,-302100.0,-319858.0,-620361.0,BLR,53.0,28.0
Belgium,0.0,0.0,0.0,957694.0,785265.0,50777.0,1362409.0,-187882.0,190145.0,372188.0,48654.0,1335162.0,-20196.0,-45404.0,-183405.0,-174000.0,-140051.0,320923.0,253538.0,458878.0,-40090.0,BEL,50.8333,4.0
Belize,1034.0,824.0,-203.0,7368.0,1807.0,-42.0,-800.0,1048.0,3342.0,5343.0,6154.0,-17752.0,-10985.0,3271.0,-10301.0,-58.0,6644.0,8241.0,8711.0,9964.0,11066.0,BLZ,17.25,-88.75
Benin,-86.0,449.0,2145.0,2159.0,1648.0,1519.0,-2101.0,-16253.0,4270.0,9105.0,-2435.0,-4806.0,-6500.0,-3028.0,-82091.0,-103631.0,35392.0,-32371.0,-3209.0,-18693.0,-4703.0,BEN,9.5,2.25
Bhutan,642.0,382.0,88.0,324.0,-120.0,-6.0,-4526.0,-3874.0,98.0,819.0,-4221.0,10175.0,9802.0,13323.0,22661.0,-4486.0,755.0,9839.0,5169.0,3326.0,2052.0,BTN,27.5,90.5
Bolivia (Plurinational State of),-40309.0,-31551.0,-6655.0,8375.0,8771.0,-5144.0,13471.0,12203.0,-237.0,-5457.0,-2350.0,16362.0,18452.0,22965.0,57915.0,58017.0,79810.0,95608.0,89959.0,101165.0,121098.0,BOL,-17.0,-65.0
Bosnia and Herzegovina,-34859.0,-44293.0,-68908.0,-56913.0,-49509.0,-73219.0,-46796.0,-57950.0,-55526.0,-65431.0,-79274.0,-15467.0,-9002.0,-75903.0,-135529.0,-149917.0,-169016.0,-154406.0,-185110.0,-158453.0,-153384.0,BIH,44.0,18.0
Brazil,-1278737.0,-977911.0,-1154798.0,-1573101.0,-1704487.0,-1898283.0,-1975026.0,-3878535.0,-4333498.0,-4295958.0,-5420484.0,-6295615.0,-4721818.0,-5844599.0,-6009053.0,-5702925.0,-6622177.0,-6850634.0,-7387805.0,-7644664.0,-9088062.0,BRA,-10.0,-55.0
Brunei Darussalam,6427.0,8455.0,7949.0,4167.0,7620.0,4778.0,4705.0,2934.0,5712.0,11119.0,6931.0,5093.0,5918.0,4986.0,8600.0,15669.0,17015.0,14622.0,14316.0,11973.0,12517.0,BRN,4.5,114.6667
Bulgaria,-23853.0,-11664.0,-5954.0,18061.0,-9364.0,-26942.0,-7777.0,-5799.0,18680.0,59856.0,163917.0,233798.0,186961.0,35131.0,-8958.0,-38892.0,-72152.0,-64985.0,-63392.0,32517.0,19392.0,BGR,43.0,25.0
Burkina Faso,1789.0,2497.0,4484.0,4869.0,4487.0,1475.0,4410.0,9840.0,3719.0,7409.0,7997.0,12887.0,14221.0,14121.0,18544.0,13231.0,12304.0,20807.0,7757.0,17114.0,17600.0,BFA,13.0,-2.0
Burundi,103.0,421.0,346.0,628.0,340.0,461.0,418.0,1655.0,870.0,594.0,2700.0,3539.0,30430.0,5456.0,1350.0,2759.0,1285.0,3097.0,4107.0,4489.0,5177.0,BDI,-3.5,30.0
Cabo Verde,2891.0,3362.0,3311.0,957.0,5201.0,3234.0,983.0,4646.0,901.0,9711.0,11297.0,17354.0,8768.0,11939.0,11926.0,9369.0,8045.0,9156.0,8908.0,11359.0,9939.0,CPV,16.0,-24.0
Cambodia,-130195.0,-58323.0,-46391.0,-45941.0,-15501.0,-15049.0,9621.0,6084.0,-1421.0,24014.0,20634.0,20262.0,21281.0,27422.0,45565.0,41426.0,-80621.0,-326707.0,-171034.0,127624.0,-43420.0,KHM,13.0,105.0
Cameroon,-401450.0,-525321.0,-464145.0,-408750.0,-288064.0,-384948.0,-380974.0,-512508.0,-330863.0,-511828.0,-493708.0,-409159.0,-258410.0,-436968.0,-482441.0,-435815.0,-413629.0,-541899.0,-700176.0,-652977.0,-507131.0,CMR,6.0,12.0
Canada,-20909069.0,-20302486.0,-21203185.0,-23041308.0,-20026711.0,-17868912.0,-19642671.0,-24363558.0,-23375013.0,-22131319.0,-18414021.0,-20038725.0,-11911060.0,-15670242.0,-17105081.0,-16978933.0,-18486239.0,-18564801.0,-17270627.0,-16821975.0,-18323166.0,CAN,60.0,-95.0
Central African Republic,-3210.0,-27378.0,-23145.0,-24427.0,-14913.0,-34963.0,-45664.0,-49679.0,-44504.0,-31801.0,-55073.0,-60725.0,-47606.0,-56463.0,-31985.0,-53411.0,-51610.0,-35293.0,-35137.0,-35252.0,-25555.0,CAF,7.0,21.0
Chad,492.0,283.0,930.0,797.0,132.0,625.0,1090.0,1319.0,1390.0,2640.0,1080.0,814.0,-5227.0,1704.0,5570.0,3322.0,453.0,5264.0,2520.0,2424.0,1768.0,TCD,15.0,19.0
Chile,-1078349.0,-921661.0,-1205207.0,-1307981.0,-1608456.0,-138846.0,-553088.0,-2015992.0,-2265972.0,-2562627.0,-3169240.0,-3822387.0,-2873884.0,-3224540.0,-3996401.0,-3603788.0,-3967531.0,-4229316.0,-3854534.0,-3466518.0,-3912179.0,CHL,-30.0,-71.0
China,7861789.0,7890021.0,9543377.0,10360451.0,9584303.0,10130077.0,11127461.0,13738748.0,7362595.0,6974010.0,10099149.0,14141927.0,11521904.0,17579193.0,21589225.0,20833455.0,24327738.0,23898061.0,20577430.0,21022238.0,29274030.0,CHN,35.0,105.0
Colombia,300381.0,280518.0,229687.0,280667.0,244764.0,220845.0,256713.0,258844.0,297514.0,398719.0,516763.0,532828.0,332457.0,539666.0,596317.0,489981.0,542689.0,709676.0,508075.0,588711.0,625695.0,COL,4.0,-72.0
Congo,-117147.0,-148681.0,-100599.0,-67656.0,-67111.0,-157568.0,-179326.0,-283002.0,-249636.0,-75578.0,-193479.0,-247123.0,-183472.0,-288998.0,-378607.0,-296909.0,-99814.0,-85373.0,-317601.0,-264414.0,-88694.0,COG,-1.0,15.0
Costa Rica,118275.0,118441.0,215266.0,219118.0,219655.0,132704.0,228038.0,229389.0,119232.0,279824.0,258248.0,352671.0,135331.0,303338.0,330578.0,296460.0,333736.0,276427.0,274300.0,292286.0,396082.0,CRI,10.0,-84.0
Croatia,-49991.0,3749.0,-13128.0,-8289.0,18085.0,-20083.0,74954.0,68138.0,15957.0,59846.0,15286.0,-25568.0,39859.0,-120020.0,-169541.0,-228263.0,-224312.0,-336911.0,-348450.0,-298349.0,-198124.0,HRV,45.1667,15.5
Cuba,23796.0,33620.0,32291.0,40808.0,34157.0,31934.0,50164.0,58987.0,52276.0,65460.0,64364.0,71754.0,36851.0,65504.0,69875.0,62176.0,50706.0,19854.0,44552.0,37068.0,27726.0,CUB,21.5,-80.0
Cyprus,94784.0,110984.0,96124.0,92039.0,97272.0,82470.0,121335.0,116192.0,126149.0,164022.0,215120.0,195052.0,134790.0,126637.0,106791.0,66856.0,48313.0,64406.0,54674.0,73703.0,93647.0,CYP,35.0,33.0
Czechia,-195622.0,-155171.0,-183443.0,-143942.0,-142107.0,-246627.0,-71594.0,-152316.0,-52470.0,-606192.0,-475510.0,-342991.0,-280083.0,-477677.0,-562874.0,-423784.0,-484048.0,-490784.0,-434517.0,-616550.0,-691114.0,CZE,49.75,15.5
CÃ´te d'Ivoire,-176571.0,-277773.0,-219394.0,-196138.0,-113827.0,-222370.0,-206101.0,-315605.0,-275790.0,-212994.0,-255469.0,-268278.0,-154098.0,-128254.0,-124825.0,-134030.0,-187568.0,-178377.0,-106711.0,-77144.0,-17729.0,CIV,8.0,-5.0
Democratic People's Republic of Korea,-15972.0,-8038.0,299264.0,13617.0,27306.0,6544.0,21429.0,936.0,6650.0,21197.0,4987.0,43919.0,16817.0,21996.0,23623.0,11269.0,20221.0,31006.0,15366.0,25728.0,39705.0,PRK,40.0,127.0
Democratic Republic of the Congo,-44295.0,-42568.0,-14550.0,-1650.0,-2549.0,-16908.0,-13524.0,-44501.0,-39776.0,-59735.0,-140099.0,-101911.0,-48060.0,-74162.0,-97071.0,-76538.0,-95088.0,-97732.0,-70047.0,-49191.0,-37884.0,COD,0.0,25.0
Denmark,1361070.0,1432041.0,1347863.0,1321198.0,1272865.0,1108497.0,1262939.0,1650592.0,1478424.0,1732751.0,1972641.0,2013169.0,329000.0,1275327.0,1248409.0,932714.0,1012601.0,1109580.0,823443.0,909366.0,1021164.0,DNK,56.0,10.0
Djibouti,1143.0,3424.0,4094.0,6857.0,8961.0,2798.0,7123.0,11049.0,10016.0,26760.0,9557.0,13335.0,17353.0,11488.0,40646.0,36648.0,30272.0,39144.0,17137.0,48888.0,50815.0,DJI,11.5,43.0
Dominica,5320.0,4271.0,7660.0,9944.0,5382.0,1373.0,3389.0,5031.0,3580.0,5344.0,5882.0,6190.0,9963.0,6754.0,4311.0,3945.0,3349.0,4671.0,3023.0,3694.0,2171.0,DMA,15.4167,-61.3333
Dominican Republic,172383.0,183332.0,210593.0,183787.0,181745.0,179986.0,157005.0,190898.0,88217.0,217548.0,249793.0,322973.0,246133.0,357695.0,357776.0,-8214.0,253508.0,340134.0,318960.0,366514.0,415592.0,DOM,19.0,-70.6667
Ecuador,1183.0,47136.0,7167.0,47006.0,48134.0,7849.0,58171.0,239074.0,189079.0,244109.0,84304.0,99410.0,110169.0,150783.0,156109.0,99827.0,67958.0,107040.0,-48688.0,-40638.0,35947.0,ECU,-2.0,-77.5
Egypt,1004285.0,834917.0,771556.0,746328.0,539612.0,509528.0,632270.0,761019.0,967250.0,911357.0,1486787.0,2111825.0,1626924.0,2136488.0,2565740.0,2614266.0,2473489.0,3085025.0,2546298.0,2278458.0,2380790.0,EGY,27.0,30.0
El Salvador,77245.0,102879.0,103566.0,117357.0,151442.0,71061.0,142395.0,117907.0,109341.0,143430.0,195685.0,222155.0,159153.0,197975.0,207827.0,191764.0,210954.0,185819.0,217901.0,203592.0,233169.0,SLV,13.8333,-88.9167
Equatorial Guinea,-93175.0,-72058.0,-105752.0,-102751.0,-93248.0,-85245.0,-123036.0,-109759.0,-113241.0,-36176.0,-135698.0,-72460.0,-8865.0,-96380.0,-137859.0,-139882.0,-159040.0,-185441.0,-188917.0,-274044.0,-281173.0,GNQ,2.0,10.0
Eritrea,110.0,864.0,621.0,822.0,1340.0,1797.0,1313.0,2081.0,925.0,1679.0,504.0,1871.0,1369.0,1293.0,1846.0,662.0,3284.0,898.0,830.0,1138.0,1273.0,ERI,15.0,39.0
Estonia,-181505.0,-191063.0,-200968.0,-199026.0,-149874.0,-215319.0,-268753.0,-83292.0,-65825.0,-84594.0,-93415.0,-258849.0,-216262.0,-373331.0,-413257.0,-338467.0,-353809.0,-309873.0,-263395.0,-244596.0,-288353.0,EST,59.0,26.0
Ethiopia,7693.0,10110.0,4676.0,8822.0,7898.0,5512.0,46217.0,13509.0,13374.0,23809.0,86086.0,100354.0,94821.0,84262.0,100313.0,105827.0,50771.0,151752.0,171877.0,235045.0,54879.0,ETH,8.0,38.0
Fiji,-3533.0,-848.0,5244.0,4993.0,6548.0,4729.0,14137.0,14576.0,15926.0,29015.0,20041.0,-104.0,7068.0,-7106.0,1786.0,17921.0,6758.0,7621.0,-4611.0,38325.0,36748.0,FJI,-18.0,175.0
Finland,-7699799.0,-7741765.0,-7843017.0,-7975586.0,-7659713.0,-7172920.0,-8200672.0,-10502249.0,-7640025.0,-9100839.0,-8874077.0,-9943711.0,-6516633.0,-7822122.0,-8828273.0,-9054394.0,-9145534.0,-9597065.0,-8167107.0,-8514194.0,-10004144.0,FIN,64.0,26.0
France,2747013.0,2634005.0,2080854.0,2708379.0,3273086.0,2575353.0,1893333.0,2412721.0,2143843.0,2661735.0,3148110.0,3513593.0,2586204.0,2874616.0,2674108.0,2794638.0,3006323.0,1629471.0,1786695.0,1807725.0,1720309.0,FRA,46.0,2.0
Gabon,-517055.0,-403226.0,-462449.0,-466764.0,-450187.0,-474324.0,-489949.0,-446488.0,-628421.0,-565547.0,-670661.0,-623021.0,-489267.0,-590283.0,-304333.0,-226329.0,-323344.0,-396136.0,-454377.0,-388704.0,-469657.0,GAB,-1.0,11.75
Gambia,235.0,804.0,525.0,728.0,1147.0,1010.0,1842.0,950.0,1929.0,6120.0,6009.0,4833.0,5066.0,-2503.0,3580.0,-73020.0,-64139.0,-24605.0,-50779.0,-85271.0,-93827.0,GMB,13.4667,-16.5667
Georgia,-2308.0,-6445.0,-11947.0,1377.0,-4753.0,-9673.0,-2092.0,5093.0,3185.0,21190.0,23923.0,46235.0,39478.0,59237.0,94175.0,51729.0,55042.0,77739.0,47244.0,68643.0,93795.0,GEO,42.0,43.5
Germany,2132416.0,2589103.0,1873836.0,2384980.0,253371.0,303926.0,326065.0,-383648.0,-942809.0,-2554356.0,-2297881.0,-635996.0,-1623936.0,-968266.0,-121953.0,993101.0,1917707.0,-1511989.0,-183240.0,-564776.0,-802876.0,DEU,51.0,9.0
Ghana,-135546.0,-147996.0,-143336.0,-127560.0,-98405.0,-144327.0,-117260.0,-112838.0,-169371.0,-152710.0,-247880.0,-315607.0,-88224.0,-128143.0,-530071.0,-381488.0,-380563.0,-220789.0,-109461.0,-435151.0,-179407.0,GHA,8.0,-2.0
Greece,715567.0,843396.0,708798.0,661692.0,666479.0,565013.0,958741.0,1045325.0,921356.0,1225090.0,1343651.0,1359581.0,918494.0,843215.0,751659.0,554565.0,610994.0,767489.0,537846.0,711564.0,735518.0,GRC,39.0,22.0
Guatemala,96358.0,120632.0,126763.0,139304.0,145669.0,122715.0,163657.0,85219.0,171887.0,217294.0,246786.0,288948.0,236563.0,306309.0,364283.0,329655.0,324017.0,384457.0,342232.0,371206.0,359515.0,GTM,15.5,-90.25
Guinea,-11713.0,-2805.0,-8824.0,-153.0,-2067.0,-1564.0,-1136.0,-4656.0,-7449.0,-6959.0,-8915.0,-28179.0,-2998.0,-55536.0,-9826.0,5069.0,7457.0,-2200.0,-4006.0,-5424.0,2937.0,GIN,11.0,-10.0
Guinea-Bissau,-1905.0,-1928.0,-429.0,-634.0,-3.0,-551.0,100.0,-495.0,448.0,391.0,672.0,243.0,574.0,-3413.0,-3235.0,-4147.0,-10052.0,-48979.0,-16944.0,870.0,572.0,GNB,12.0,-15.0
Guyana,-29966.0,-26198.0,-21725.0,-28683.0,-21405.0,-12626.0,-15788.0,-19196.0,-36399.0,-47118.0,-19034.0,-47154.0,-32493.0,-38913.0,-21906.0,-27795.0,-25542.0,-40445.0,-30362.0,-30320.0,-37910.0,GUY,5.0,-59.0
Haiti,12328.0,13094.0,12900.0,11449.0,11063.0,10527.0,13848.0,11147.0,11186.0,14766.0,15236.0,21978.0,25812.0,60343.0,53928.0,21514.0,40362.0,40346.0,37212.0,40631.0,25565.0,HTI,19.0,-72.4167
Honduras,41410.0,47680.0,25169.0,29053.0,33446.0,41063.0,59770.0,70571.0,81042.0,99851.0,100613.0,130373.0,95369.0,131250.0,151030.0,54011.0,113657.0,7252.0,88292.0,-30793.0,9948.0,HND,15.0,-86.5
Hungary,222294.0,270800.0,273571.0,349973.0,325092.0,325790.0,478575.0,412837.0,295296.0,286727.0,259721.0,412466.0,321910.0,470691.0,436088.0,404592.0,337771.0,405662.0,520140.0,392588.0,232959.0,HUN,47.0,20.0
Iceland,61567.0,62193.0,54427.0,50639.0,46252.0,44084.0,73862.0,85582.0,90339.0,97456.0,120696.0,94198.0,55893.0,64375.0,67687.0,56160.0,60284.0,65572.0,54294.0,62393.0,75315.0,ISL,65.0,-18.0
India,472927.0,545356.0,601444.0,508011.0,552044.0,482144.0,1492266.0,1580482.0,1107101.0,1617148.0,2370634.0,3082325.0,2877897.0,2907795.0,5161489.0,4592435.0,4587508.0,4686873.0,4659878.0,4968750.0,4376316.0,IND,20.0,77.0
Indonesia,-3802309.0,-2313057.0,-3806127.0,-2980543.0,-3742601.0,-4002374.0,-3553897.0,-3462993.0,-4230330.0,-4677913.0,-2893426.0,-3001398.0,-2929424.0,-3638364.0,-4407551.0,-4330305.0,-6566430.0,-4943552.0,-5287500.0,-4847707.0,-5544595.0,IDN,-5.0,120.0
Iran (Islamic Republic of),237945.0,177812.0,365247.0,485276.0,415213.0,147323.0,580209.0,578069.0,551525.0,749901.0,952528.0,811304.0,998092.0,1246005.0,1845555.0,1155359.0,1326102.0,1396104.0,1008971.0,1366884.0,1493476.0,IRN,32.0,53.0
Iraq,120.0,2981.0,4319.0,4378.0,33757.0,18293.0,44368.0,44064.0,29180.0,54457.0,22287.0,66157.0,60827.0,91313.0,106201.0,121043.0,193132.0,286182.0,231819.0,297862.0,332860.0,IRQ,33.0,44.0
Ireland,451669.0,471810.0,411840.0,397774.0,368075.0,311110.0,496882.0,289701.0,723262.0,808798.0,605560.0,394605.0,194413.0,192214.0,171949.0,103096.0,90670.0,236584.0,239649.0,261219.0,266431.0,IRL,53.0,-8.0
Israel,625035.0,616845.0,613775.0,616704.0,394266.0,51685.0,-5799.0,538076.0,636585.0,719536.0,792598.0,1052871.0,797033.0,985813.0,996493.0,708890.0,986692.0,1006751.0,808338.0,883762.0,947281.0,ISR,31.5,34.75
Italy,4545426.0,4738321.0,4663145.0,5075273.0,4712910.0,4916115.0,5154355.0,5870989.0,6249943.0,5970638.0,7739179.0,7084476.0,5191999.0,5882247.0,6456305.0,6274790.0,4099621.0,5427313.0,5116555.0,4276027.0,4267486.0,ITA,42.8333,12.8333
Jamaica,73850.0,71656.0,70783.0,89520.0,56702.0,40190.0,49454.0,48574.0,56330.0,74972.0,107736.0,117280.0,84015.0,100140.0,83284.0,87508.0,92192.0,100618.0,90126.0,93112.0,105463.0,JAM,18.25,-77.5
Japan,13559228.0,7722997.0,8843167.0,9629427.0,7962749.0,7003815.0,4681455.0,9704325.0,8815297.0,8263957.0,5602795.0,6461427.0,4618065.0,5099384.0,7060100.0,6735547.0,7496334.0,6299640.0,5921556.0,4659366.0,4861204.0,JPN,36.0,138.0
Jordan,89226.0,104544.0,97543.0,131728.0,140444.0,101162.0,168264.0,199525.0,274296.0,273116.0,239231.0,349916.0,235996.0,284839.0,345947.0,255054.0,297683.0,371058.0,307839.0,306106.0,340698.0,JOR,31.0,36.0
Kazakhstan,52297.0,46118.0,31822.0,65562.0,46722.0,55552.0,135454.0,206608.0,247343.0,415787.0,506451.0,364729.0,441575.0,279042.0,635866.0,460215.0,397476.0,433045.0,260131.0,288840.0,395693.0,KAZ,48.0,68.0
Kenya,21970.0,32624.0,21823.0,13547.0,9775.0,23850.0,59132.0,55824.0,56628.0,83545.0,115278.0,146575.0,177425.0,221621.0,249453.0,201895.0,216115.0,242636.0,239305.0,287298.0,289190.0,KEN,1.0,38.0
Kuwait,82433.0,91036.0,95805.0,86368.0,91321.0,42460.0,106678.0,125135.0,130620.0,204516.0,181358.0,251216.0,148037.0,170086.0,238659.0,219608.0,253567.0,367545.0,317587.0,322040.0,355080.0,KWT,29.3375,47.6581
Kyrgyzstan,10963.0,11161.0,5612.0,7989.0,5163.0,7474.0,8923.0,22086.0,26542.0,39600.0,54750.0,78392.0,77420.0,76901.0,116241.0,152742.0,166279.0,111090.0,62508.0,94185.0,71792.0,KGZ,41.0,75.0
Lao People's Democratic Republic,-67885.0,-23571.0,-51827.0,-9131.0,-72663.0,-8663.0,-84972.0,-12813.0,-83113.0,913.0,-39453.0,-93114.0,-61203.0,-139460.0,-272920.0,-236942.0,-488780.0,-1520778.0,-824880.0,-201036.0,-272861.0,LAO,18.0,105.0
Latvia,-181223.0,-302816.0,-250556.0,-252229.0,-228763.0,-281171.0,-273952.0,-296380.0,-318759.0,-243408.0,-391144.0,-610005.0,-499995.0,-815226.0,-937552.0,-784301.0,-825534.0,-752671.0,-604856.0,-556708.0,-710810.0,LVA,57.0,25.0
Lebanon,169234.0,160436.0,141599.0,128601.0,186994.0,91832.0,201118.0,233114.0,186576.0,200869.0,274900.0,420078.0,383666.0,417520.0,448404.0,369097.0,367380.0,453314.0,248511.0,366780.0,1717689.0,LBN,33.8333,35.8333
Liberia,-8506.0,-28470.0,-36162.0,-98785.0,-100168.0,-136624.0,-99081.0,1620.0,3584.0,2880.0,1957.0,4517.0,1162.0,1683.0,-17118.0,-46589.0,-34120.0,-31340.0,-31091.0,-27236.0,-22479.0,LBR,6.5,-9.5
Libya,39997.0,38307.0,39879.0,24596.0,27271.0,40059.0,41435.0,52718.0,62693.0,66614.0,110782.0,178805.0,183648.0,199128.0,59189.0,131436.0,184686.0,132631.0,51204.0,63080.0,51226.0,LBY,25.0,17.0
Lithuania,-55100.0,-36091.0,-31826.0,-44695.0,-40458.0,-62688.0,-16764.0,55269.0,53675.0,69334.0,96517.0,125055.0,96239.0,41181.0,25625.0,1448.0,-43773.0,72624.0,47263.0,109240.0,200261.0,LTU,56.0,24.0
Luxembourg,0.0,0.0,0.0,-93920.0,-80235.0,-137684.0,-26200.0,-175129.0,-210965.0,-188837.0,-221623.0,-284423.0,-160659.0,-204016.0,-204525.0,-920.0,22984.0,35076.0,-82108.0,70331.0,59902.0,LUX,49.75,6.1667
Madagascar,598.0,-3449.0,1187.0,-2321.0,-1803.0,-2817.0,5603.0,5462.0,6972.0,5075.0,6416.0,18956.0,-15337.0,-30548.0,21895.0,10292.0,22978.0,27988.0,31777.0,32686.0,27000.0,MDG,-20.0,47.0
Malawi,3018.0,5143.0,4545.0,4213.0,1954.0,5462.0,12049.0,9507.0,4792.0,13866.0,10907.0,6522.0,14618.0,10686.0,16773.0,4025.0,-10967.0,-2432.0,-5645.0,10128.0,-1774.0,MWI,-13.5,34.0
Malaysia,-3100511.0,-1710675.0,-1950733.0,-1689213.0,-1882796.0,-1983494.0,-1915714.0,-1949309.0,-2361762.0,-2220019.0,-1940920.0,-2581142.0,-1607774.0,-1260756.0,-1821719.0,-1875990.0,-1604238.0,-1559658.0,-1535174.0,-807832.0,-694674.0,MYS,2.5,112.5
Mali,2243.0,3588.0,1599.0,2847.0,3143.0,1236.0,3214.0,2840.0,3421.0,5148.0,13018.0,19178.0,7828.0,22524.0,9252.0,9557.0,3244.0,5485.0,4062.0,4503.0,-28085.0,MLI,17.0,-4.0
Malta,21335.0,48589.0,41176.0,36443.0,37528.0,20830.0,41373.0,47094.0,41660.0,55039.0,53514.0,57117.0,44383.0,53898.0,57282.0,28404.0,29135.0,34906.0,26670.0,30851.0,36013.0,MLT,35.8333,14.5833
Mauritania,1230.0,1284.0,4531.0,1601.0,1854.0,4167.0,2530.0,4172.0,3092.0,10384.0,7760.0,7173.0,5776.0,7667.0,13409.0,12616.0,10861.0,11557.0,5671.0,8796.0,9619.0,MRT,20.0,-12.0
Mauritius,13868.0,50721.0,52994.0,35190.0,32099.0,40077.0,49968.0,59840.0,51992.0,44489.0,71900.0,91101.0,63716.0,73587.0,77125.0,51234.0,59154.0,71340.0,48667.0,62833.0,75426.0,MUS,-20.2833,57.55
Mexico,955074.0,1559811.0,1834507.0,2461932.0,2544130.0,2140467.0,2734492.0,2886582.0,2703053.0,3431122.0,3464406.0,4082319.0,3226473.0,3928301.0,4014296.0,3724848.0,3686203.0,4281905.0,3788348.0,4352795.0,3480090.0,MEX,23.0,-102.0
Mongolia,-11730.0,-21542.0,-3290.0,2372.0,2218.0,3460.0,5425.0,7569.0,7619.0,10785.0,12803.0,11824.0,13709.0,20115.0,28155.0,31430.0,42929.0,66494.0,43959.0,52462.0,69855.0,MNG,46.0,105.0
Morocco,128298.0,189524.0,157292.0,155886.0,124886.0,273867.0,337751.0,387785.0,408805.0,474994.0,686095.0,401910.0,683740.0,631954.0,678453.0,698111.0,569666.0,931227.0,726475.0,850457.0,912580.0,MAR,32.0,-5.0
Mozambique,-10960.0,-2477.0,-3981.0,-26008.0,-20214.0,-21792.0,-22320.0,-20697.0,-10086.0,13989.0,11977.0,4253.0,-5816.0,-130872.0,-115571.0,-81327.0,-5409.0,-35771.0,-7255.0,4147.0,-15850.0,MOZ,-18.25,35.0
Myanmar,-151249.0,-105451.0,-190106.0,-138997.0,-212423.0,-188594.0,-441329.0,-407609.0,-358545.0,-44754.0,-507161.0,-621707.0,-575783.0,-432371.0,-875831.0,-603130.0,-1001867.0,-940629.0,-273204.0,-102562.0,-17668.0,MMR,22.0,98.0
Nepal,920.0,130.0,1286.0,1290.0,2510.0,1602.0,5439.0,7681.0,4576.0,7043.0,-240.0,12549.0,43416.0,48881.0,66040.0,12323.0,20037.0,81861.0,55903.0,68490.0,112755.0,NPL,28.0,84.0
Netherlands,2102116.0,2282649.0,2168845.0,1913461.0,1629676.0,881987.0,1507282.0,1542695.0,2537540.0,2797145.0,3596996.0,2640763.0,3008613.0,3166630.0,3558939.0,2846141.0,2542295.0,3223568.0,2318844.0,2291686.0,2319874.0,NLD,52.5,5.75
New Zealand,-936627.0,-1081700.0,-959122.0,-1112510.0,-1353841.0,-1097793.0,-913412.0,-1195967.0,-1429602.0,-1433584.0,-1646926.0,-1725729.0,-1508096.0,-2261345.0,-2840405.0,-2924946.0,-3451890.0,-3337294.0,-2778034.0,-2982425.0,-3381511.0,NZL,-41.0,174.0
Nicaragua,-6071.0,-1107.0,4721.0,4862.0,3408.0,4619.0,12408.0,13908.0,9691.0,24760.0,28245.0,30080.0,28600.0,34632.0,20540.0,-75706.0,-48888.0,16893.0,2902.0,40642.0,65879.0,NIC,13.0,-85.0
Niger,1211.0,1434.0,2350.0,1252.0,4949.0,3697.0,8260.0,7048.0,5521.0,3900.0,7063.0,7157.0,2503.0,7569.0,8435.0,6137.0,19538.0,17472.0,13494.0,12978.0,27946.0,NER,16.0,8.0
Nigeria,42564.0,58728.0,120443.0,102468.0,88907.0,50339.0,141517.0,177598.0,157797.0,314893.0,269554.0,389285.0,499172.0,676087.0,689435.0,317845.0,469723.0,261290.0,-30020.0,403347.0,182162.0,NGA,10.0,8.0
Norway,-154935.0,-224297.0,-317690.0,-347056.0,-293991.0,-394537.0,-513497.0,-650703.0,-387338.0,-463100.0,-175281.0,-308056.0,-341823.0,-363716.0,-386248.0,-271277.0,-306259.0,-145208.0,-213217.0,-142341.0,-264846.0,NOR,62.0,10.0
Oman,13396.0,17473.0,16432.0,18755.0,76924.0,70287.0,79879.0,96705.0,113410.0,140418.0,161655.0,213047.0,184954.0,222697.0,241972.0,299966.0,273953.0,327370.0,299083.0,254225.0,303255.0,OMN,21.0,57.0
Pakistan,90575.0,100570.0,121342.0,120668.0,118243.0,91311.0,241971.0,258217.0,287030.0,334248.0,445694.0,483984.0,443452.0,468139.0,585173.0,422767.0,512335.0,677562.0,635700.0,753250.0,685134.0,PAK,30.0,70.0
Panama,55635.0,56508.0,53711.0,53143.0,40675.0,41845.0,54157.0,67575.0,80324.0,94072.0,113097.0,133928.0,102799.0,94913.0,88417.0,57899.0,79515.0,67212.0,62796.0,13112.0,86842.0,PAN,9.0,-80.0
Papua New Guinea,-400820.0,-171010.0,-233023.0,-241515.0,-179663.0,-310916.0,-30950.0,-306364.0,-351111.0,-389446.0,-521905.0,-495133.0,-336510.0,-546912.0,-713934.0,-627933.0,-720851.0,-938491.0,-806158.0,-657910.0,-697051.0,PNG,-6.0,147.0
Paraguay,-74181.0,-44018.0,-15517.0,-12520.0,15205.0,-31172.0,12617.0,27619.0,-6821.0,32315.0,18747.0,36292.0,33060.0,67974.0,94706.0,30469.0,30695.0,110590.0,48482.0,104176.0,102709.0,PRY,-23.0,-58.0
Peru,151923.0,125595.0,93146.0,87098.0,105180.0,21223.0,152504.0,160844.0,193489.0,243605.0,300258.0,434404.0,419177.0,583342.0,695601.0,620802.0,666594.0,702092.0,622384.0,677780.0,702247.0,PER,-10.0,-76.0
Philippines,246963.0,379728.0,384608.0,493620.0,428364.0,222057.0,442796.0,231661.0,381551.0,439747.0,453830.0,455865.0,372497.0,443015.0,649060.0,623861.0,617795.0,809609.0,749950.0,1046600.0,1006677.0,PHL,13.0,122.0
Poland,300489.0,343293.0,388936.0,416776.0,418207.0,247554.0,408697.0,468706.0,572549.0,583465.0,876111.0,1247424.0,1003110.0,883684.0,1011546.0,1622246.0,1193832.0,1004311.0,1399273.0,893272.0,1465768.0,POL,52.0,20.0
Portugal,-299851.0,-146889.0,-177431.0,-347592.0,-52987.0,-70499.0,-1152673.0,-536206.0,-851591.0,-242246.0,-348757.0,-21507.0,-614131.0,-780118.0,-1452054.0,-1290516.0,-1344349.0,-1368985.0,-1145721.0,-1227971.0,-1231909.0,PRT,39.5,-8.0
Qatar,15715.0,19407.0,14948.0,14165.0,45819.0,8386.0,25080.0,37753.0,103597.0,138056.0,75025.0,208572.0,87084.0,159029.0,150469.0,139874.0,163488.0,260948.0,272400.0,254867.0,161985.0,QAT,25.5,51.25
Republic of Korea,878522.0,610319.0,1433614.0,1976983.0,1652320.0,2768859.0,2669687.0,1809555.0,1969641.0,2652085.0,2351056.0,2426306.0,1725774.0,2491373.0,2546637.0,2405301.0,2649358.0,2515112.0,2693544.0,2397835.0,2968537.0,KOR,37.0,127.5
Republic of Moldova,15167.0,13533.0,9036.0,18284.0,21346.0,13389.0,30314.0,40630.0,44589.0,57525.0,64329.0,68990.0,67435.0,78561.0,98189.0,81677.0,88763.0,103862.0,59943.0,65985.0,100901.0,MDA,47.0,29.0
Romania,-195420.0,-174015.0,-270237.0,-297236.0,-245002.0,-389995.0,-309575.0,-440734.0,-392852.0,-281265.0,-73825.0,-18666.0,-182787.0,-572168.0,-745494.0,-932416.0,-1178732.0,-917509.0,-762672.0,-319519.0,-484150.0,ROU,46.0,25.0
Russian Federation,-2310050.0,-2309148.0,-2651222.0,-3169254.0,-3418222.0,-3551044.0,-3778172.0,-6028176.0,-5845044.0,-6568366.0,-8718483.0,-8654203.0,-5283393.0,-6264409.0,-7125142.0,-7043180.0,-6965342.0,-7389141.0,-7159198.0,-6695490.0,-8513312.0,RUS,60.0,100.0
Rwanda,452.0,557.0,227.0,1028.0,1183.0,1860.0,5440.0,2898.0,2620.0,3886.0,6437.0,11980.0,9173.0,4744.0,13938.0,12127.0,12584.0,14750.0,20064.0,21367.0,12346.0,RWA,-2.0,30.0
Saint Vincent and the Grenadines,5899.0,5516.0,7067.0,6947.0,3644.0,4953.0,6192.0,4995.0,6319.0,8586.0,6663.0,7524.0,7860.0,6400.0,6021.0,6383.0,5769.0,5678.0,6156.0,6675.0,5199.0,VCT,13.25,-61.2
Samoa,-63.0,1722.0,1637.0,2173.0,3444.0,2429.0,5208.0,5774.0,7721.0,6872.0,8579.0,7747.0,6668.0,9384.0,11071.0,11386.0,10810.0,10967.0,13428.0,11160.0,3830.0,WSM,-13.5833,-172.3333
Sao Tome and Principe,54.0,-325.0,309.0,21.0,-15.0,28.0,405.0,-7.0,54.0,266.0,452.0,4000.0,252.0,251.0,273.0,253.0,457.0,514.0,442.0,1323.0,1028.0,STP,1.0,7.0
Saudi Arabia,579807.0,613118.0,562141.0,744163.0,710575.0,658865.0,772224.0,800468.0,1161128.0,1165566.0,1326336.0,1289063.0,1415330.0,2159644.0,2003832.0,1940487.0,2539702.0,2005746.0,2480510.0,1816076.0,1376343.0,SAU,25.0,45.0
Senegal,12974.0,15252.0,45169.0,40921.0,47619.0,16262.0,61894.0,71405.0,69654.0,79200.0,101457.0,114411.0,85970.0,75806.0,91262.0,92708.0,50705.0,96659.0,80788.0,81641.0,90600.0,SEN,14.0,-14.0
Sierra Leone,2398.0,797.0,-6.0,1241.0,3853.0,1907.0,3862.0,3079.0,585.0,2208.0,3057.0,1435.0,-1422.0,170.0,-315.0,878.0,-24262.0,-9930.0,9296.0,-37903.0,-39540.0,SLE,8.5,-11.5
Singapore,487089.0,343222.0,355843.0,348607.0,245661.0,36710.0,169502.0,33188.0,245532.0,258844.0,259763.0,277923.0,60360.0,-15289.0,226020.0,759682.0,512773.0,-21661.0,371256.0,-224611.0,-331005.0,SGP,1.3667,103.8
Slovakia,-248432.0,-178292.0,-148433.0,-114798.0,-107455.0,-88109.0,-276697.0,-173251.0,-440232.0,-427388.0,-566417.0,-643942.0,-374643.0,-617927.0,-523250.0,-589739.0,-500433.0,-505551.0,-441532.0,-500520.0,-520064.0,SVK,48.6667,19.5
Slovenia,-40324.0,-36410.0,-17751.0,-22891.0,-35033.0,91142.0,68759.0,-35837.0,-261646.0,-71886.0,-31329.0,-103320.0,-154501.0,-136803.0,-230388.0,-206387.0,-199031.0,-233964.0,-157569.0,-518956.0,-6268.0,SVN,46.0,15.0
Solomon Islands,-75392.0,-44814.0,-50878.0,-57019.0,-44491.0,-43396.0,-79199.0,-103249.0,-143092.0,-184565.0,-35228.0,-233317.0,-203160.0,-312188.0,-394937.0,-428253.0,-443921.0,-503873.0,-225235.0,-99871.0,-389874.0,SLB,-8.0,159.0
Somalia,-55.0,132.0,-94.0,-2735.0,-5461.0,-5200.0,-13168.0,-853.0,-7931.0,-10691.0,-6566.0,-5921.0,-14281.0,-12637.0,-4647.0,-1618.0,5938.0,7002.0,11986.0,50804.0,23898.0,SOM,10.0,49.0
South Africa,-60840.0,-319779.0,-320961.0,0.0,0.0,-279824.0,-350626.0,-306546.0,-153718.0,-239866.0,-130185.0,-171244.0,-219944.0,-299789.0,-422028.0,-363163.0,-185626.0,-115735.0,-364947.0,-277519.0,-402065.0,ZAF,-29.0,24.0
Spain,1720229.0,2584126.0,2435812.0,2242798.0,1561419.0,2677258.0,2206342.0,2020710.0,2633135.0,2304042.0,2984156.0,1997103.0,975456.0,-231580.0,326384.0,751478.0,-872195.0,186818.0,735149.0,367257.0,547869.0,ESP,40.0,-4.0
Sri Lanka,61679.0,73408.0,122317.0,89810.0,121993.0,74917.0,119038.0,142500.0,101590.0,147406.0,147578.0,235284.0,204589.0,274795.0,324295.0,215684.0,241104.0,326186.0,283295.0,387199.0,354723.0,LKA,7.0,81.0
Suriname,-6115.0,-2586.0,-1129.0,-787.0,-4495.0,-2672.0,295.0,1083.0,1588.0,5784.0,3359.0,3162.0,2057.0,3895.0,-1527.0,-34025.0,-39331.0,-9697.0,-60939.0,-40207.0,-72551.0,SUR,4.0,-56.0
Sweden,-6960197.0,-6609277.0,-6280538.0,-7036809.0,-5493498.0,-6531451.0,-7239686.0,-9164785.0,-9187874.0,-9848617.0,-11023421.0,-12179695.0,-9375386.0,-10668031.0,-11768433.0,-11184019.0,-10845266.0,-11109521.0,-9001999.0,-8850056.0,-9466041.0,SWE,62.0,15.0
Switzerland,273857.0,393119.0,183280.0,197916.0,75614.0,59052.0,284496.0,329207.0,545664.0,204910.0,273050.0,395998.0,449216.0,545166.0,644501.0,758192.0,671758.0,804691.0,568028.0,533624.0,490652.0,CHE,47.0,8.0
Syrian Arab Republic,129303.0,134182.0,134778.0,138741.0,133334.0,118749.0,261651.0,299566.0,265787.0,336630.0,359624.0,334947.0,326782.0,417975.0,420923.0,180953.0,106929.0,141920.0,83510.0,96488.0,130689.0,SYR,35.0,38.0
Tajikistan,3817.0,4194.0,2394.0,3539.0,763.0,4600.0,12573.0,23589.0,35612.0,53176.0,77413.0,123219.0,88306.0,93333.0,126981.0,120345.0,132641.0,131846.0,62792.0,45397.0,70063.0,TJK,39.0,71.0
Thailand,860596.0,-104174.0,272607.0,-164266.0,325898.0,18743.0,364179.0,471232.0,479003.0,67150.0,198574.0,522293.0,-78443.0,449166.0,-1459712.0,-243820.0,-329385.0,-234041.0,-298903.0,-496408.0,-1192556.0,THA,15.0,100.0
Timor-Leste,0.0,0.0,0.0,0.0,0.0,297.0,208.0,249.0,60.0,485.0,32.0,247.0,269.0,-2050.0,930.0,3245.0,1392.0,4194.0,2133.0,4420.0,2317.0,TLS,-8.55,125.5167
Togo,1604.0,1272.0,1552.0,1940.0,876.0,619.0,3572.0,4943.0,1865.0,7787.0,2432.0,-15816.0,-4936.0,6556.0,17087.0,11143.0,-10860.0,-36056.0,-15169.0,5406.0,12737.0,TGO,8.0,1.1667
Tonga,554.0,1349.0,1680.0,1550.0,2194.0,2747.0,2106.0,3057.0,4023.0,3299.0,2786.0,2690.0,2261.0,4252.0,4158.0,4256.0,4621.0,6101.0,4048.0,5878.0,3712.0,TON,-20.0,-175.0
Trinidad and Tobago,64498.0,94402.0,80549.0,96353.0,96241.0,51991.0,73957.0,86782.0,104962.0,117054.0,122480.0,135411.0,107557.0,107242.0,109668.0,74538.0,102507.0,118998.0,81092.0,88410.0,76979.0,TTO,11.0,-61.0
Tunisia,202352.0,190109.0,130517.0,186517.0,152664.0,211668.0,241559.0,224558.0,221010.0,255145.0,417348.0,473977.0,405029.0,489479.0,529147.0,309698.0,384225.0,411323.0,338106.0,408403.0,326746.0,TUN,34.0,9.0
Turkey,784715.0,879162.0,873894.0,1137857.0,676811.0,702791.0,1302061.0,1289619.0,1934269.0,2033049.0,2322780.0,2577444.0,1845189.0,2815833.0,3195056.0,2864921.0,3055190.0,3075154.0,3064509.0,2544523.0,2379289.0,TUR,39.0,35.0
Turkmenistan,2102.0,3771.0,3096.0,11359.0,2118.0,5757.0,9922.0,11362.0,8829.0,11751.0,14966.0,42684.0,55418.0,63815.0,79831.0,99380.0,122452.0,137772.0,77903.0,62845.0,71885.0,TKM,40.0,60.0
Uganda,3508.0,3329.0,17528.0,16042.0,17977.0,13737.0,28000.0,33820.0,33265.0,35447.0,41470.0,63082.0,6354.0,55892.0,70350.0,60238.0,60218.0,58069.0,58152.0,29419.0,70609.0,UGA,1.0,32.0
Ukraine,63387.0,39049.0,-20889.0,-34242.0,-36336.0,-136542.0,85610.0,16726.0,133079.0,166909.0,290283.0,450533.0,245611.0,272485.0,204655.0,117770.0,202476.0,-118511.0,-285205.0,-433292.0,-205124.0,UKR,49.0,32.0
United Arab Emirates,299505.0,329190.0,267664.0,268317.0,287010.0,184240.0,278381.0,419297.0,452780.0,756174.0,802944.0,1306741.0,763289.0,668430.0,814163.0,1051550.0,1391183.0,1551538.0,1247477.0,1037925.0,1058646.0,ARE,24.0,54.0
United Republic of Tanzania,-1634.0,6988.0,16458.0,4973.0,4248.0,8332.0,23177.0,27045.0,18410.0,25957.0,26238.0,26299.0,7990.0,18938.0,29946.0,28389.0,30926.0,73234.0,-1115.0,54056.0,33387.0,TZA,-6.0,35.0
United States of America,8677343.0,8625975.0,12146493.0,11446802.0,11656353.0,9257729.0,-2735363.0,13672467.0,15815402.0,13294242.0,5749864.0,2792344.0,-1223041.0,-3329259.0,-5647155.0,-4689372.0,-2535327.0,-1622600.0,99873.0,933199.0,1695975.0,USA,38.0,-97.0
Uruguay,29657.0,12468.0,19937.0,10867.0,4686.0,-10414.0,-39714.0,-41141.0,-104900.0,-79062.0,-100415.0,-260957.0,-437298.0,-681985.0,-610265.0,-606760.0,-739929.0,-852628.0,-1302934.0,-1332836.0,-1709660.0,URY,-33.0,-56.0
Uzbekistan,55095.0,37174.0,21584.0,26685.0,17546.0,33810.0,61842.0,102726.0,158808.0,232815.0,350209.0,512747.0,401721.0,413687.0,545657.0,517780.0,664701.0,672529.0,379610.0,327524.0,494459.0,UZB,41.0,64.0
Vanuatu,-1850.0,-3071.0,-2426.0,-2416.0,-926.0,-2071.0,-1486.0,-1199.0,865.0,1614.0,1566.0,2127.0,2700.0,3359.0,4084.0,3255.0,3372.0,2412.0,3997.0,4194.0,-1914.0,VUT,-16.0,167.0
Venezuela (Bolivarian Republic of),221083.0,216751.0,249738.0,300642.0,315049.0,119221.0,179486.0,218988.0,280511.0,446140.0,412311.0,680615.0,651340.0,511937.0,539058.0,459731.0,404498.0,406295.0,222432.0,109519.0,13537.0,VEN,8.0,-66.0
Viet Nam,62561.0,128093.0,159302.0,156514.0,212992.0,163846.0,377159.0,385064.0,447231.0,651672.0,653081.0,897556.0,931021.0,1113599.0,1095850.0,987937.0,2074468.0,2311938.0,2186237.0,1792391.0,2184081.0,VNM,16.0,106.0
Yemen,27976.0,52806.0,43210.0,30212.0,62539.0,41109.0,64081.0,123803.0,78891.0,0.0,0.0,0.0,0.0,0.0,0.0,0.0,0.0,0.0,0.0,0.0,0.0,YEM,15.0,48.0
Zambia,207.0,7050.0,8169.0,2072.0,2026.0,8430.0,12018.0,35.0,15120.0,22155.0,17280.0,34957.0,23098.0,30991.0,43368.0,29185.0,39692.0,55430.0,26456.0,-53108.0,-68120.0,ZMB,-15.0,30.0
Zimbabwe,4397.0,12942.0,16254.0,-254.0,-888.0,-936.0,6634.0,10291.0,7325.0,3151.0,23105.0,11981.0,14669.0,65116.0,72443.0,65605.0,55580.0,63588.0,47835.0,52346.0,65871.0,ZWE,-20.0,30.0
