,Area,Item,Element,Unit,1961,1962,1963,1964,1965,1966,1967,1968,1969,1970,1971,1972,1973,1974,1975,1976,1977,1978,1979,1980,1981,1982,1983,1984,1985,1986,1987,1988,1989,1990,1991,1992,1993,1994,1995,1996,1997,1998,1999,2000,2001,2002,2003,2004,2005,2006,2007,2008,2009,2010,2011,2012,2013,2014,2015,2016,2017,2018,2019,2020,ISO3
0,Afghanistan,Forest products (export/import),Import Value,1000 US$,,,,301.0,321.0,435.0,466.0,297.0,559.0,445.0,769.0,13309.0,22203.0,22203.0,21963.0,24061.0,26900.0,27091.0,27395.0,27800.0,30950.0,29313.0,29313.0,28978.0,2172.0,735.0,3060.0,3199.0,1003.0,1003.0,1003.0,1085.0,1590.0,1201.0,1040.0,1183.0,1637.0,934.0,1091.0,1166.0,1128.0,8119.0,18155.0,28135.0,31996.0,43348.0,61460.0,59801.0,80632.0,95791.0,129267.0,127306.0,106777.0,105516.0,95617.0,84509.0,96120.0,102693.0,67865.0,77207.0,AFG
250,Albania,Forest products (export/import),Import Value,1000 US$,1500.0,1700.0,1700.0,1600.0,1700.0,1100.0,950.0,1000.0,1450.0,1450.0,1450.0,1450.0,2069.0,2800.0,2600.0,2800.0,2900.0,3100.0,3400.0,3500.0,2800.0,445.0,445.0,445.0,1783.0,1885.0,1972.0,1695.0,2111.0,2111.0,2111.0,2666.0,8455.0,6848.0,6821.0,2986.0,19508.0,13913.0,18159.0,19098.0,36725.0,21733.0,26178.0,29542.0,29674.0,33632.0,36626.0,36626.0,37198.0,36307.0,98612.0,88131.0,91573.0,92541.0,92515.0,92555.0,70982.0,67975.0,114304.0,119087.0,ALB
585,Algeria,Forest products (export/import),Import Value,1000 US$,25928.0,23128.0,19568.0,15560.0,18048.0,16551.0,18950.0,23060.0,37205.0,57735.0,54123.0,40394.0,78279.0,187149.0,123002.0,89137.0,170924.0,132911.0,191317.0,216131.0,320306.0,297827.0,390106.0,380203.0,315882.0,319299.0,294476.0,361922.0,433713.0,323172.0,553916.0,253542.0,335458.0,384490.0,426136.0,337648.0,362933.0,309750.0,350646.0,313192.0,324828.0,333489.0,499991.0,571405.0,573333.0,487015.0,755789.0,734526.0,873221.0,1077325.0,1213677.0,1301958.0,1240727.0,1492657.0,1136050.0,1259640.0,1198724.0,1224931.0,952748.0,751206.0,DZA
995,Andorra,Forest products (export/import),Import Value,1000 US$,,,,,,,,,,,,,,,,,,,,,,,,,,,,,,166.0,249.0,6157.0,6000.0,6413.0,6383.0,6383.0,6383.0,6383.0,6383.0,6383.0,6383.0,6383.0,6383.0,6383.0,6383.0,6383.0,6383.0,6383.0,6383.0,6383.0,6383.0,6400.0,6523.0,6644.0,4618.0,4396.0,4642.0,5425.0,12450.0,12595.0,AND
1199,Angola,Forest products (export/import),Import Value,1000 US$,1251.0,1220.0,931.0,958.0,1714.0,1670.0,1927.0,2462.0,2951.0,3818.0,3995.0,4266.0,4746.0,5082.0,343.0,343.0,343.0,453.0,1000.0,750.0,477.0,517.0,517.0,258.0,7361.0,16926.0,24737.0,16985.0,7549.0,7957.0,9694.0,14862.0,4125.0,5257.0,5263.0,3132.0,5961.0,4769.0,5125.0,2314.0,2974.0,1900.0,8157.0,16666.0,16666.0,13546.0,38451.0,60029.0,57509.0,54977.0,90704.0,85520.0,110480.0,122804.0,78566.0,47297.0,54386.0,72610.0,61782.0,60742.0,AGO
1582,Antigua and Barbuda,Forest products (export/import),Import Value,1000 US$,,,,,,,,,,,,,,,,,,,,,,,,,,,,,7589.0,7631.0,2403.0,3735.0,3893.0,4607.0,4604.0,4604.0,4604.0,4604.0,4604.0,4604.0,4604.0,4604.0,4604.0,4604.0,4604.0,4604.0,4604.0,4604.0,6616.0,5143.0,6222.0,6638.0,6691.0,8317.0,11642.0,9821.0,7239.0,9589.0,13283.0,9488.0,ATG
1743,Argentina,Forest products (export/import),Import Value,1000 US$,96814.0,66506.0,60207.0,78571.0,103932.0,106097.0,92468.0,135341.0,164329.0,164936.0,159702.0,129532.0,157182.0,279381.0,269755.0,153334.0,185309.0,200353.0,295803.0,413063.0,338380.0,215060.0,175530.0,132981.0,88190.0,154695.0,176481.0,121307.0,94626.0,80492.0,105828.0,377844.0,448048.0,477706.0,672305.0,696331.0,824500.0,880643.0,739579.0,765597.0,620990.0,277164.0,388948.0,593559.0,626825.0,709617.0,841966.0,987940.0,690835.0,975724.0,1151726.0,1054298.0,1006858.0,959390.0,1017729.0,858131.0,859620.0,896723.0,781243.0,771908.0,ARG
2097,Armenia,Forest products (export/import),Import Value,1000 US$,,,,,,,,,,,,,,,,,,,,,,,,,,,,,,,,1.0,12.0,44.0,39.0,38.0,1848.0,720.0,720.0,7788.0,11034.0,11791.0,12246.0,16925.0,18190.0,29014.0,54599.0,59107.0,66903.0,64245.0,75724.0,84010.0,85956.0,97939.0,64554.0,65144.0,79479.0,99921.0,104576.0,88245.0,ARM
2617,Australia,Forest products (export/import),Import Value,1000 US$,128839.0,101517.0,117161.0,123271.0,138329.0,127697.0,136600.0,176891.0,182234.0,204442.0,236702.0,211486.0,303047.0,465564.0,484977.0,423081.0,539878.0,524680.0,621407.0,753883.0,813391.0,866255.0,601906.0,752000.0,823984.0,795454.0,859897.0,1236647.0,1459178.0,1441164.0,1217229.0,1212937.0,1343360.0,1560899.0,1820627.0,1853451.0,1498010.0,1408289.0,1575485.0,1768830.0,1246805.0,1413405.0,1537755.0,1849968.0,1975880.0,1965944.0,2151095.0,2367363.0,1798025.0,2415535.0,2614543.0,2466687.0,2225781.0,2278260.0,1989839.0,1989205.0,2024681.0,2209709.0,1960711.0,1831297.0,AUS
2994,Austria,Forest products (export/import),Import Value,1000 US$,16778.0,15655.0,20818.0,27410.0,28222.0,38423.0,44137.0,58967.0,68505.0,101622.0,110616.0,137289.0,231822.0,354620.0,283746.0,337371.0,378318.0,392524.0,540435.0,730565.0,629188.0,597782.0,596305.0,619825.0,667670.0,876756.0,1125076.0,1208266.0,1351813.0,1415634.0,1609549.0,1766973.0,1452367.0,1801568.0,2086198.0,2199663.0,2016214.0,2141282.0,2442334.0,2608680.0,2192945.0,2231703.0,2657664.0,3124799.0,3135428.0,3682935.0,4179743.0,4244474.0,3515657.0,4060726.0,4569482.0,4213561.0,4424627.0,4382042.0,3773807.0,3807144.0,3997593.0,4423503.0,3869454.0,3709175.0,AUT
3376,Azerbaijan,Forest products (export/import),Import Value,1000 US$,,,,,,,,,,,,,,,,,,,,,,,,,,,,,,,,13.0,94.0,141.0,678.0,13813.0,22763.0,21672.0,22119.0,31500.0,26795.0,27857.0,36839.0,45450.0,59888.0,62363.0,81860.0,102997.0,101100.0,181919.0,278235.0,285646.0,286831.0,286831.0,226979.0,188947.0,228819.0,309886.0,313808.0,285506.0,AZE
3709,Bahamas,Forest products (export/import),Import Value,1000 US$,2200.0,2355.0,2413.0,2825.0,2513.0,3192.0,3902.0,3899.0,8322.0,6686.0,6686.0,4743.0,5473.0,5841.0,4740.0,5371.0,4471.0,4612.0,6418.0,7504.0,7719.0,7404.0,7916.0,7812.0,9149.0,21279.0,17052.0,34169.0,42904.0,27853.0,15705.0,19313.0,19884.0,22353.0,24271.0,27576.0,30689.0,27798.0,30414.0,15150.0,17928.0,11134.0,10980.0,18244.0,18387.0,21116.0,26897.0,29841.0,23713.0,22244.0,27053.0,35902.0,31508.0,51926.0,53324.0,52011.0,26683.0,36356.0,53666.0,61048.0,BHS
3965,Bahrain,Forest products (export/import),Import Value,1000 US$,,,,,,,1448.0,1452.0,1296.0,2322.0,2262.0,2816.0,4918.0,6097.0,6097.0,17617.0,30063.0,26163.0,20392.0,32708.0,32875.0,43837.0,49186.0,46215.0,34764.0,47190.0,73181.0,35885.0,29894.0,21839.0,21631.0,23760.0,17081.0,25999.0,33281.0,29314.0,29641.0,31570.0,25821.0,29064.0,30309.0,13289.0,61221.0,62804.0,65272.0,58579.0,105409.0,87405.0,58815.0,120305.0,127397.0,89257.0,106618.0,162580.0,134944.0,140155.0,128461.0,145595.0,109311.0,77980.0,BHR
4229,Bangladesh,Forest products (export/import),Import Value,1000 US$,,,,,,,,,,,1140.0,8169.0,6732.0,9417.0,1001.0,3936.0,5173.0,3108.0,4430.0,4430.0,2034.0,3945.0,4198.0,13318.0,25230.0,17265.0,23301.0,14802.0,20507.0,17317.0,16257.0,35233.0,25751.0,48432.0,59118.0,61695.0,86491.0,131819.0,92529.0,89772.0,115902.0,108036.0,197310.0,227340.0,205437.0,159050.0,220309.0,222243.0,309652.0,347428.0,479009.0,398900.0,489710.0,666983.0,581868.0,792286.0,796047.0,826397.0,573429.0,605129.0,BGD
4519,Barbados,Forest products (export/import),Import Value,1000 US$,1832.0,1719.0,2071.0,1753.0,1969.0,2376.0,2282.0,3257.0,4116.0,4538.0,5064.0,5474.0,7020.0,7020.0,7020.0,12099.0,13616.0,13987.0,13862.0,24340.0,24438.0,19595.0,19708.0,19426.0,19325.0,19686.0,19326.0,14914.0,15121.0,14963.0,32503.0,22918.0,17277.0,21201.0,18434.0,17538.0,47081.0,47599.0,35503.0,35503.0,28297.0,27474.0,25979.0,25548.0,25579.0,45369.0,44004.0,41871.0,34518.0,36827.0,45595.0,29467.0,31164.0,34175.0,32284.0,31366.0,21407.0,21320.0,21960.0,22811.0,BRB
4782,Belarus,Forest products (export/import),Import Value,1000 US$,,,,,,,,,,,,,,,,,,,,,,,,,,,,,,,,1001.0,1285.0,3296.0,7941.0,24059.0,69294.0,55058.0,142520.0,177380.0,164036.0,190882.0,211294.0,211294.0,211294.0,211294.0,211294.0,211296.0,521334.0,638178.0,444945.0,465046.0,433456.0,416554.0,283519.0,283094.0,354151.0,395393.0,392918.0,370138.0,BLR
5123,Belgium,Forest products (export/import),Import Value,1000 US$,,,,,,,,,,,,,,,,,,,,,,,,,,,,,,,,,,,,,,,,4315649.0,3953674.0,3950426.0,4693437.0,4678459.0,5322148.0,5857920.0,7390505.0,7269764.0,5756829.0,6321163.0,6754625.0,6357656.0,6224624.0,6419194.0,5312151.0,5237643.0,5586433.0,6064012.0,5540138.0,5589235.0,BEL
5795,Belize,Forest products (export/import),Import Value,1000 US$,219.0,220.0,46.0,56.0,181.0,190.0,345.0,969.0,561.0,801.0,740.0,756.0,758.0,990.0,1116.0,1727.0,1686.0,2041.0,1087.0,3281.0,1735.0,3157.0,2441.0,2018.0,2532.0,3193.0,2981.0,2106.0,2703.0,4969.0,2447.0,3930.0,3057.0,3071.0,3892.0,3261.0,3261.0,4166.0,4005.0,12603.0,5112.0,2816.0,4745.0,5106.0,5106.0,6868.0,9266.0,9442.0,8108.0,8996.0,6503.0,9458.0,11217.0,26837.0,12789.0,13990.0,15209.0,14670.0,17739.0,9895.0,BLZ
6054,Benin,Forest products (export/import),Import Value,1000 US$,22.0,38.0,39.0,57.0,73.0,36.0,48.0,48.0,48.0,48.0,48.0,48.0,48.0,143.0,5637.0,5637.0,1445.0,1449.0,1448.0,1458.0,3226.0,1116.0,1114.0,1114.0,2120.0,2513.0,3237.0,2587.0,1433.0,1532.0,2516.0,3247.0,1604.0,1115.0,1654.0,1098.0,3351.0,4233.0,12325.0,12404.0,12393.0,14491.0,17692.0,9487.0,9487.0,6559.0,10917.0,12787.0,9735.0,11622.0,16923.0,13667.0,30509.0,14482.0,9636.0,13531.0,13814.0,11833.0,11936.0,11746.0,BEN
6409,Bhutan,Forest products (export/import),Import Value,1000 US$,,,,,,,,,,,,,,,,,,,95.0,143.0,143.0,300.0,0.0,0.0,0.0,0.0,0.0,0.0,0.0,14.0,32.0,33.0,263.0,1423.0,1511.0,1755.0,2202.0,2159.0,2159.0,2086.0,425.0,429.0,1224.0,1178.0,1373.0,1181.0,2350.0,2752.0,2752.0,5858.0,2271.0,4762.0,4015.0,13204.0,4458.0,3783.0,4047.0,21218.0,30109.0,31451.0,BTN
6650,Bolivia (Plurinational State of),Forest products (export/import),Import Value,1000 US$,1018.0,700.0,410.0,719.0,1245.0,1245.0,1428.0,1796.0,2288.0,3482.0,3482.0,3482.0,3482.0,3460.0,3460.0,3460.0,8960.0,9042.0,10305.0,11805.0,12605.0,5800.0,5800.0,4800.0,4300.0,5100.0,6800.0,4100.0,4060.0,4109.0,4284.0,18027.0,19798.0,23829.0,56672.0,15460.0,23151.0,29175.0,37810.0,43519.0,35454.0,37187.0,35591.0,46722.0,47177.0,57539.0,69404.0,90574.0,81295.0,90115.0,110972.0,103602.0,122922.0,139782.0,130161.0,108362.0,148620.0,160383.0,110827.0,115815.0,BOL
6917,Bosnia and Herzegovina,Forest products (export/import),Import Value,1000 US$,,,,,,,,,,,,,,,,,,,,,,,,,,,,,,,,2569.0,2315.0,336.0,336.0,336.0,21733.0,2967.0,23986.0,23986.0,23986.0,23986.0,23986.0,114837.0,126902.0,126902.0,142717.0,241042.0,183399.0,191704.0,221255.0,193620.0,213054.0,245784.0,212128.0,232591.0,248922.0,295936.0,280063.0,259296.0,BIH
7261,Botswana,Forest products (export/import),Import Value,1000 US$,,,,,259.0,585.0,598.0,598.0,598.0,598.0,598.0,598.0,598.0,1264.0,1302.0,1001.0,1321.0,1149.0,1630.0,1640.0,1640.0,1640.0,1640.0,5827.0,9415.0,9415.0,0.0,0.0,0.0,0.0,0.0,,,24885.0,25144.0,27344.0,24752.0,20963.0,15410.0,15410.0,15410.0,15410.0,15410.0,15410.0,15410.0,15410.0,15410.0,15410.0,58687.0,59703.0,63523.0,61754.0,46172.0,50193.0,49392.0,49408.0,45734.0,54379.0,71043.0,55979.0,BWA
7498,Brazil,Forest products (export/import),Import Value,1000 US$,25846.0,21351.0,20921.0,16183.0,11225.0,16330.0,34175.0,58675.0,52808.0,62547.0,79673.0,103411.0,143670.0,352834.0,165603.0,200505.0,186724.0,195626.0,223626.0,274856.0,283511.0,299781.0,162272.0,175287.0,148796.0,229005.0,274167.0,274623.0,299897.0,236680.0,321584.0,314442.0,386898.0,594111.0,1319802.0,1119667.0,1315969.0,1030817.0,819304.0,902399.0,715373.0,624884.0,599248.0,798652.0,902761.0,1055298.0,1218826.0,1523326.0,1192798.0,1678540.0,1788350.0,1693507.0,1619500.0,1586250.0,1096134.0,885641.0,830533.0,874198.0,869968.0,754806.0,BRA
8028,Brunei Darussalam,Forest products (export/import),Import Value,1000 US$,85.0,131.0,124.0,305.0,403.0,607.0,556.0,602.0,843.0,813.0,635.0,1029.0,1499.0,1148.0,1189.0,1278.0,1428.0,2812.0,3351.0,3745.0,5759.0,6105.0,6915.0,6966.0,6447.0,5980.0,12278.0,13375.0,7440.0,18259.0,17222.0,10956.0,1010.0,7966.0,28101.0,22310.0,8816.0,8550.0,8426.0,4311.0,8398.0,2582.0,5954.0,8688.0,8688.0,6118.0,10075.0,8787.0,8192.0,9461.0,14199.0,17841.0,18467.0,18445.0,15006.0,12518.0,15040.0,14987.0,13542.0,11611.0,BRN
8304,Bulgaria,Forest products (export/import),Import Value,1000 US$,15739.0,16980.0,15150.0,15604.0,18372.0,21990.0,28442.0,45265.0,49530.0,54630.0,56110.0,55915.0,72780.0,120270.0,113060.0,124025.0,110540.0,128476.0,112323.0,140958.0,140395.0,142160.0,158170.0,162135.0,165342.0,172465.0,179700.0,144200.0,139221.0,97690.0,84337.0,28951.0,29554.0,43336.0,31869.0,79908.0,77741.0,83347.0,109834.0,126069.0,133232.0,154259.0,154891.0,251152.0,294304.0,324781.0,466454.0,521183.0,354301.0,366101.0,427529.0,434572.0,451304.0,470500.0,420695.0,430770.0,422544.0,502173.0,479370.0,449522.0,BGR
8680,Burkina Faso,Forest products (export/import),Import Value,1000 US$,254.0,49.0,49.0,270.0,1001.0,920.0,574.0,526.0,603.0,577.0,526.0,526.0,526.0,1427.0,1805.0,1805.0,2282.0,2367.0,3571.0,4446.0,5234.0,5355.0,4889.0,2225.0,2427.0,2427.0,8968.0,9409.0,5677.0,5479.0,5478.0,2550.0,2036.0,2036.0,952.0,9972.0,10528.0,13956.0,7282.0,6525.0,7595.0,7855.0,6504.0,11779.0,11779.0,12378.0,13263.0,17580.0,14664.0,16502.0,19436.0,13801.0,13064.0,25582.0,11676.0,16227.0,25547.0,19909.0,16738.0,7470.0,BFA
8921,Burundi,Forest products (export/import),Import Value,1000 US$,,,,,,,,,,,35.0,29.0,29.0,128.0,128.0,128.0,176.0,176.0,160.0,374.0,317.0,1820.0,1103.0,900.0,1342.0,1342.0,1342.0,1568.0,2355.0,2727.0,5460.0,601.0,539.0,2008.0,10562.0,6991.0,1620.0,1636.0,2555.0,2727.0,870.0,819.0,954.0,2468.0,2468.0,1327.0,3166.0,3849.0,5383.0,7697.0,4387.0,12736.0,21337.0,4503.0,4517.0,3091.0,5479.0,5230.0,3367.0,4080.0,BDI
9147,Cabo Verde,Forest products (export/import),Import Value,1000 US$,155.0,110.0,85.0,201.0,194.0,190.0,213.0,205.0,258.0,242.0,278.0,351.0,558.0,577.0,844.0,844.0,845.0,785.0,859.0,1632.0,1801.0,1439.0,1482.0,1492.0,1666.0,2489.0,2746.0,2416.0,2070.0,1489.0,2002.0,2091.0,2008.0,4862.0,4223.0,3058.0,2936.0,3617.0,3760.0,1682.0,4734.0,1612.0,1414.0,5028.0,5028.0,2994.0,14209.0,17554.0,17608.0,12215.0,12125.0,9597.0,8260.0,9460.0,7904.0,10406.0,10024.0,10048.0,9309.0,8546.0,CPV
9350,Cambodia,Forest products (export/import),Import Value,1000 US$,1035.0,1220.0,1304.0,1460.0,2046.0,444.0,502.0,3456.0,3996.0,1335.0,2192.0,1885.0,1885.0,1885.0,1885.0,1885.0,1885.0,1885.0,1885.0,1885.0,200.0,100.0,100.0,100.0,104.0,104.0,99.0,99.0,99.0,99.0,99.0,800.0,762.0,1097.0,1465.0,1671.0,1574.0,2924.0,7301.0,6031.0,14192.0,14192.0,18938.0,21314.0,21101.0,17008.0,30033.0,38252.0,38215.0,54751.0,55228.0,76781.0,83015.0,146072.0,115655.0,181199.0,233481.0,318479.0,311411.0,370608.0,KHM
9621,Cameroon,Forest products (export/import),Import Value,1000 US$,482.0,683.0,687.0,818.0,916.0,1305.0,2283.0,2829.0,3310.0,3425.0,2987.0,4192.0,4997.0,4826.0,4826.0,11346.0,14264.0,14164.0,12464.0,11464.0,9564.0,8362.0,5030.0,5500.0,15645.0,47815.0,44019.0,35117.0,35412.0,56084.0,60107.0,18018.0,18453.0,20800.0,24181.0,22101.0,22804.0,22842.0,18207.0,18395.0,27640.0,43430.0,37213.0,36826.0,37627.0,40881.0,39081.0,51799.0,30686.0,49381.0,50343.0,46371.0,46332.0,59482.0,53772.0,46301.0,107616.0,45515.0,44808.0,47314.0,CMR
9868,Canada,Forest products (export/import),Import Value,1000 US$,102485.0,108929.0,109442.0,128635.0,139323.0,136794.0,154035.0,172933.0,178640.0,165984.0,210430.0,303564.0,390210.0,508817.0,612667.0,660194.0,573463.0,644106.0,790115.0,753240.0,904923.0,681034.0,884445.0,1086601.0,1044183.0,1221851.0,1420618.0,1965006.0,2032164.0,2023511.0,1865075.0,2056178.0,2059609.0,2385608.0,3012790.0,2901827.0,3976891.0,3369717.0,3756396.0,4215054.0,3849422.0,3986744.0,4278631.0,4730671.0,4920866.0,5132528.0,4970633.0,5356752.0,4391746.0,4928731.0,4839684.0,4908535.0,4965449.0,5047296.0,4832710.0,4842238.0,5093253.0,5294565.0,5004503.0,4658488.0,CAN
10412,Central African Republic,Forest products (export/import),Import Value,1000 US$,28.0,28.0,44.0,427.0,427.0,520.0,498.0,772.0,464.0,107.0,94.0,162.0,215.0,114.0,114.0,1206.0,114.0,114.0,570.0,700.0,1000.0,2165.0,1626.0,1626.0,113.0,193.0,200.0,193.0,288.0,144.0,144.0,305.0,258.0,258.0,258.0,258.0,159.0,193.0,138.0,138.0,138.0,401.0,1355.0,1105.0,1245.0,1292.0,1145.0,1324.0,843.0,1427.0,1466.0,765.0,621.0,1134.0,1461.0,1690.0,1734.0,4202.0,1742.0,1786.0,CAF
10613,Chad,Forest products (export/import),Import Value,1000 US$,801.0,704.0,704.0,425.0,460.0,385.0,1103.0,1241.0,1340.0,1541.0,1751.0,1789.0,1156.0,1199.0,1272.0,1287.0,1385.0,1403.0,1415.0,1447.0,1586.0,1610.0,751.0,751.0,591.0,1428.0,2443.0,2896.0,1083.0,2037.0,3359.0,585.0,691.0,2154.0,3433.0,2397.0,1650.0,1430.0,1430.0,1430.0,2038.0,2062.0,2390.0,2563.0,2563.0,2653.0,2638.0,1240.0,1665.0,2250.0,1839.0,3429.0,2010.0,6590.0,3767.0,3651.0,2423.0,1301.0,866.0,1104.0,TCD
10815,Chile,Forest products (export/import),Import Value,1000 US$,3662.0,3080.0,4341.0,5809.0,4673.0,1730.0,3322.0,3690.0,4432.0,5336.0,6768.0,8466.0,11295.0,6751.0,4970.0,10150.0,24750.0,25350.0,43300.0,45100.0,43300.0,24900.0,49300.0,32216.0,41756.0,38577.0,45887.0,45719.0,67000.0,77158.0,77014.0,152717.0,153031.0,136910.0,200067.0,205830.0,283504.0,281420.0,224823.0,237597.0,240666.0,262086.0,280428.0,409918.0,353962.0,508747.0,598447.0,622955.0,465411.0,724066.0,744012.0,753320.0,787334.0,757115.0,744847.0,707563.0,726986.0,911922.0,805442.0,632734.0,CHL
11169,China,Forest products (export/import),Import Value,1000 US$,46614.0,62170.0,76273.0,93712.0,118369.0,134051.0,91503.0,131686.0,132066.0,179833.0,244279.0,296073.0,449542.0,579225.0,440342.0,665858.0,858184.0,1120235.0,1517718.0,2067125.0,2111538.0,2030315.0,2459230.0,2785416.0,2858047.0,3535818.0,4163641.0,4746905.0,5355178.0,5421912.0,6390851.0,7007896.0,7237164.0,8955620.0,10762040.0,11180973.0,11841872.0,11127870.0,12226836.0,14935828.0,13685391.0,14225239.0,16119308.0,18320947.0,18832676.0,20431409.0,24840520.0,25317694.0,23736165.0,32820579.0,42737215.0,39345548.0,42849624.0,47651717.0,42530339.0,42569901.0,51367188.0,57146785.0,46903446.0,45232171.0,CHN
13058,Colombia,Forest products (export/import),Import Value,1000 US$,20842.0,18417.0,13039.0,12851.0,12178.0,27158.0,19733.0,24768.0,25884.0,30698.0,28891.0,31360.0,28742.0,67861.0,52892.0,51023.0,47716.0,52171.0,94896.0,120893.0,171001.0,161459.0,119850.0,194396.0,182022.0,164623.0,164953.0,209194.0,191868.0,189326.0,202380.0,215251.0,183210.0,231295.0,417101.0,374419.0,370617.0,352863.0,316017.0,359824.0,355606.0,343719.0,415321.0,459940.0,461667.0,614450.0,688427.0,806731.0,626112.0,657768.0,865891.0,737413.0,782790.0,886123.0,717112.0,699446.0,729645.0,871197.0,815718.0,711257.0,COL
13397,Comoros,Forest products (export/import),Import Value,1000 US$,,,,,,,,,,,,,,,,,,,,,,,,,,,,,,,25.0,1241.0,3947.0,2023.0,2021.0,2019.0,1407.0,1021.0,185.0,185.0,185.0,185.0,185.0,185.0,185.0,185.0,185.0,185.0,185.0,185.0,185.0,185.0,185.0,185.0,1231.0,803.0,1187.0,2442.0,2551.0,3492.0,COM
13574,Congo,Forest products (export/import),Import Value,1000 US$,1755.0,627.0,1969.0,1048.0,1057.0,940.0,2805.0,3164.0,3016.0,431.0,498.0,582.0,701.0,701.0,701.0,701.0,1701.0,1580.0,1490.0,1541.0,2980.0,2980.0,3480.0,3080.0,3762.0,3509.0,7316.0,9251.0,4688.0,4326.0,1280.0,1350.0,1090.0,715.0,817.0,1242.0,1473.0,1768.0,1898.0,2172.0,1763.0,2266.0,5370.0,6748.0,6774.0,6679.0,6490.0,8805.0,10902.0,6675.0,8758.0,12597.0,9344.0,14062.0,10230.0,10238.0,10469.0,10884.0,12156.0,10897.0,COG
13807,Cook Islands,Forest products (export/import),Import Value,1000 US$,,,,,,,,,,,,,,,,,,,,,,,,,,,,,,,5.0,1517.0,2010.0,1587.0,1463.0,1463.0,1463.0,1463.0,1463.0,994.0,1893.0,1893.0,1893.0,1893.0,1893.0,1893.0,2357.0,2357.0,2357.0,2357.0,2357.0,2357.0,2357.0,2357.0,2162.0,3088.0,3067.0,4043.0,3697.0,3389.0,COK
13957,Costa Rica,Forest products (export/import),Import Value,1000 US$,2323.0,3498.0,4740.0,7842.0,9038.0,9708.0,10618.0,12767.0,14261.0,20358.0,21611.0,24222.0,30935.0,48521.0,35478.0,42976.0,38974.0,25877.0,55651.0,60324.0,79408.0,71716.0,65444.0,69799.0,66678.0,63699.0,39875.0,42423.0,82468.0,77838.0,83087.0,177494.0,114968.0,111032.0,149820.0,130636.0,133290.0,133290.0,240616.0,245399.0,201323.0,191109.0,238350.0,275034.0,284871.0,289176.0,317484.0,440177.0,200910.0,369159.0,441054.0,447425.0,483504.0,473624.0,455120.0,433544.0,463082.0,527991.0,472331.0,409652.0,CRI
14277,CÃ´te d'Ivoire,Forest products (export/import),Import Value,1000 US$,669.0,903.0,916.0,1515.0,1515.0,2722.0,3460.0,2781.0,3059.0,5323.0,4960.0,4284.0,9620.0,18219.0,14742.0,15205.0,15700.0,11015.0,11530.0,12155.0,13445.0,14650.0,20600.0,16650.0,26660.0,26660.0,52635.0,43392.0,24270.0,22916.0,22507.0,22975.0,26954.0,27058.0,41004.0,38513.0,35887.0,45118.0,70555.0,49486.0,49399.0,38230.0,38230.0,49872.0,49872.0,49872.0,47869.0,107086.0,104123.0,94321.0,86262.0,62128.0,74059.0,105195.0,83016.0,90370.0,125561.0,140366.0,144349.0,101041.0,CIV
14546,Croatia,Forest products (export/import),Import Value,1000 US$,,,,,,,,,,,,,,,,,,,,,,,,,,,,,,,,55247.0,139376.0,119671.0,293999.0,313134.0,339336.0,298175.0,290891.0,286957.0,230632.0,242512.0,285776.0,347907.0,360875.0,377992.0,574242.0,554571.0,434584.0,353873.0,437919.0,389676.0,434046.0,505931.0,479392.0,492239.0,557293.0,652123.0,628101.0,580908.0,HRV
14894,Cuba,Forest products (export/import),Import Value,1000 US$,27500.0,31668.0,17851.0,27817.0,24844.0,27765.0,21464.0,34290.0,35008.0,42920.0,47500.0,45200.0,63500.0,77050.0,78486.0,66686.0,74986.0,121287.0,103075.0,204026.0,180773.0,198705.0,211189.0,255948.0,255209.0,276814.0,269591.0,195485.0,194065.0,192886.0,192886.0,3731.0,8767.0,10139.0,23878.0,20393.0,24509.0,24509.0,24509.0,53425.0,55175.0,55175.0,55288.0,63493.0,63918.0,76316.0,103304.0,115021.0,47491.0,42131.0,72630.0,72510.0,86255.0,54646.0,89652.0,82244.0,74720.0,67294.0,54964.0,48558.0,CUB
15321,Cyprus,Forest products (export/import),Import Value,1000 US$,3638.0,5307.0,4726.0,4504.0,5162.0,5693.0,5875.0,8509.0,8067.0,9482.0,12644.0,13805.0,21092.0,21118.0,11488.0,16966.0,25241.0,34693.0,48185.0,59734.0,56611.0,51942.0,42628.0,50269.0,48266.0,46733.0,62904.0,62904.0,67911.0,67801.0,85878.0,106623.0,84604.0,96061.0,122633.0,92737.0,107399.0,58287.0,57104.0,93380.0,92070.0,95021.0,121756.0,150927.0,157134.0,170324.0,214043.0,217662.0,147736.0,158335.0,155356.0,114553.0,106105.0,109137.0,92665.0,105249.0,113091.0,125926.0,122843.0,113253.0,CYP
15680,Czechia,Forest products (export/import),Import Value,1000 US$,,,,,,,,,,,,,,,,,,,,,,,,,,,,,,,,,249717.0,330301.0,433472.0,515773.0,625316.0,681132.0,665624.0,726408.0,737071.0,837417.0,1018243.0,1213594.0,1379152.0,1508800.0,1788760.0,2106775.0,1613394.0,1749596.0,1980008.0,1918926.0,2010716.0,2133260.0,1872179.0,1856642.0,1698423.0,2255705.0,2029250.0,1893284.0,CZE
16267,Democratic People's Republic of Korea,Forest products (export/import),Import Value,1000 US$,,,,,,1260.0,1280.0,861.0,1093.0,1879.0,1879.0,1879.0,1879.0,1879.0,1879.0,1879.0,1930.0,1932.0,1944.0,1946.0,24500.0,29000.0,29000.0,29000.0,7137.0,4098.0,2942.0,3517.0,4950.0,4552.0,4526.0,9550.0,32950.0,40264.0,46597.0,19517.0,15660.0,8781.0,8781.0,8781.0,32144.0,32144.0,32144.0,32144.0,32144.0,32144.0,28932.0,53488.0,30525.0,30241.0,31194.0,21427.0,28344.0,48620.0,37243.0,43480.0,51434.0,34548.0,45061.0,14405.0,PRK
16542,Democratic Republic of the Congo,Forest products (export/import),Import Value,1000 US$,811.0,2525.0,4320.0,3181.0,3171.0,6190.0,3221.0,3542.0,3542.0,3542.0,8718.0,11429.0,11925.0,11303.0,5145.0,9161.0,5233.0,4914.0,5496.0,5648.0,3204.0,4454.0,4450.0,4005.0,9021.0,12248.0,9749.0,9927.0,8359.0,8906.0,8057.0,1486.0,4622.0,8995.0,4169.0,11457.0,3332.0,3333.0,3967.0,3967.0,3967.0,1128.0,4772.0,8271.0,9317.0,11425.0,14372.0,20890.0,19628.0,36256.0,32866.0,16353.0,18122.0,19349.0,15237.0,12578.0,15437.0,18805.0,18816.0,15641.0,COD
16807,Denmark,Forest products (export/import),Import Value,1000 US$,117622.0,126514.0,125833.0,155598.0,176928.0,174671.0,175118.0,186229.0,235504.0,259619.0,252010.0,319109.0,487320.0,585941.0,511622.0,697363.0,690796.0,755873.0,919046.0,933173.0,786855.0,758287.0,754371.0,855603.0,850149.0,1189078.0,1369729.0,1652563.0,1645597.0,1989999.0,1907424.0,1779054.0,1287301.0,1737685.0,1962459.0,1784017.0,1950245.0,1914270.0,1829272.0,1722966.0,1572567.0,1660587.0,1986711.0,2197790.0,2232479.0,2709035.0,2969271.0,2658702.0,1934310.0,2120533.0,2403288.0,1899137.0,2095296.0,1989766.0,1786942.0,1766005.0,1910421.0,2382551.0,2100480.0,1984078.0,DNK
17185,Djibouti,Forest products (export/import),Import Value,1000 US$,260.0,261.0,339.0,488.0,266.0,255.0,136.0,223.0,296.0,296.0,296.0,296.0,190.0,190.0,190.0,190.0,194.0,57.0,57.0,57.0,371.0,749.0,1377.0,1377.0,728.0,1374.0,1962.0,2474.0,1531.0,2532.0,2239.0,1727.0,1856.0,1787.0,1184.0,1066.0,1405.0,3604.0,4472.0,7153.0,9708.0,4823.0,8333.0,13008.0,13008.0,10343.0,11169.0,14461.0,18418.0,25638.0,24437.0,36326.0,46969.0,47302.0,32656.0,63844.0,57270.0,47698.0,65995.0,39689.0,DJI
17406,Dominica,Forest products (export/import),Import Value,1000 US$,,,,,,,,,,,,,,,,,,,,,1158.0,1340.0,880.0,761.0,602.0,1102.0,1452.0,2341.0,5108.0,4784.0,7296.0,2576.0,4323.0,3525.0,3488.0,5703.0,5613.0,5122.0,8357.0,10342.0,6597.0,3363.0,3923.0,4020.0,4020.0,3825.0,6541.0,6819.0,10527.0,7199.0,4822.0,4516.0,3780.0,4673.0,3596.0,3996.0,3270.0,10273.0,7114.0,3338.0,DMA
17629,Dominican Republic,Forest products (export/import),Import Value,1000 US$,3034.0,2322.0,1863.0,3713.0,1202.0,2183.0,2217.0,9281.0,9307.0,12512.0,13586.0,21304.0,19904.0,22560.0,26241.0,33474.0,56541.0,79164.0,48764.0,74587.0,73492.0,62435.0,58979.0,62675.0,50558.0,52997.0,55889.0,82368.0,71208.0,69979.0,80345.0,91600.0,106944.0,120533.0,135527.0,127879.0,172750.0,185118.0,203210.0,192668.0,193789.0,194727.0,180175.0,194598.0,200813.0,266294.0,258156.0,289963.0,205160.0,306586.0,386252.0,336520.0,270182.0,384514.0,403305.0,393986.0,457022.0,419863.0,449574.0,416330.0,DOM
17908,Ecuador,Forest products (export/import),Import Value,1000 US$,2823.0,2678.0,3642.0,8242.0,5190.0,4415.0,4638.0,24643.0,19979.0,27270.0,21450.0,27983.0,31928.0,38313.0,41320.0,52782.0,54307.0,50744.0,57275.0,94266.0,123061.0,137713.0,123131.0,120023.0,121830.0,109042.0,142920.0,168032.0,101939.0,158788.0,162385.0,169272.0,112748.0,133524.0,232857.0,199951.0,206633.0,304185.0,254101.0,145241.0,146439.0,278233.0,270951.0,199791.0,199813.0,216121.0,219988.0,215791.0,258310.0,347209.0,388498.0,402084.0,417746.0,401456.0,304252.0,313761.0,366241.0,399615.0,541094.0,456305.0,ECU
18219,Egypt,Forest products (export/import),Import Value,1000 US$,56686.0,49050.0,41552.0,47632.0,55165.0,68837.0,49536.0,30169.0,32172.0,51832.0,50669.0,76226.0,53528.0,149586.0,214758.0,192085.0,403857.0,388277.0,239251.0,404703.0,594461.0,546971.0,608442.0,679007.0,814880.0,905347.0,814887.0,842658.0,1746515.0,2399639.0,1169293.0,787395.0,745567.0,747708.0,966538.0,871390.0,1050482.0,863450.0,996553.0,554970.0,965742.0,742276.0,962396.0,951464.0,1223672.0,1208770.0,1627240.0,2007395.0,1911137.0,2239209.0,2328017.0,2545359.0,2640774.0,3035448.0,2587004.0,2222137.0,2294555.0,2656781.0,2809406.0,2296017.0,EGY
18544,El Salvador,Forest products (export/import),Import Value,1000 US$,3843.0,4595.0,6298.0,8206.0,8711.0,10761.0,10315.0,11343.0,9995.0,10952.0,12751.0,12945.0,12945.0,13228.0,26839.0,28330.0,35636.0,35342.0,31720.0,31970.0,35710.0,35925.0,37011.0,36449.0,33949.0,21317.0,24433.0,18283.0,18940.0,26512.0,41415.0,63724.0,57464.0,62090.0,74874.0,75525.0,86353.0,108094.0,124643.0,127624.0,167184.0,157402.0,160203.0,161212.0,157527.0,125053.0,217464.0,201125.0,202937.0,244494.0,211398.0,240357.0,254109.0,245610.0,277237.0,251528.0,284019.0,296678.0,310542.0,246126.0,SLV
18839,Equatorial Guinea,Forest products (export/import),Import Value,1000 US$,,,,,,,,,,,,,,,,,,,,,,,,,,,,,,,,478.0,72.0,72.0,48.0,48.0,48.0,0.0,0.0,0.0,0.0,0.0,0.0,486.0,486.0,486.0,486.0,2198.0,3046.0,6022.0,6036.0,6249.0,6419.0,8810.0,5458.0,4402.0,2180.0,3362.0,3877.0,5554.0,GNQ
19024,Eritrea,Forest products (export/import),Import Value,1000 US$,,,,,,,,,,,,,,,,,,,,,,,,,,,,,,,,,,,,16610.0,11588.0,10392.0,6884.0,6884.0,6560.0,2834.0,2260.0,2914.0,2914.0,2101.0,1935.0,2500.0,1834.0,1639.0,2162.0,1059.0,3455.0,2411.0,2177.0,1614.0,2080.0,4094.0,1892.0,2595.0,ERI
19217,Estonia,Forest products (export/import),Import Value,1000 US$,,,,,,,,,,,,,,,,,,,,,,,,,,,,,,,,1341.0,11180.0,28012.0,55406.0,65662.0,86508.0,123375.0,94519.0,105882.0,127637.0,142741.0,206117.0,304502.0,370108.0,454015.0,628270.0,477084.0,316793.0,407641.0,481402.0,481438.0,556227.0,602936.0,497158.0,506644.0,585848.0,692350.0,648317.0,669546.0,EST
19567,Eswatini,Forest products (export/import),Import Value,1000 US$,,,,,,,,,442.0,395.0,392.0,401.0,478.0,478.0,478.0,478.0,478.0,478.0,478.0,1539.0,1408.0,1408.0,1408.0,1408.0,1408.0,1408.0,730.0,700.0,655.0,0.0,0.0,0.0,0.0,0.0,0.0,0.0,0.0,0.0,0.0,0.0,0.0,0.0,0.0,0.0,0.0,0.0,0.0,0.0,294.0,30869.0,31103.0,30569.0,26894.0,28185.0,27532.0,26551.0,28532.0,30253.0,21056.0,18149.0,SWZ
19847,Ethiopia,Forest products (export/import),Import Value,1000 US$,,,,,,,,,,,,,,,,,,,,,,,,,,,,,,,,,6141.0,6854.0,4559.0,8707.0,18782.0,13897.0,22665.0,36146.0,36013.0,22476.0,41035.0,49477.0,58905.0,74785.0,83348.0,103502.0,87060.0,113716.0,105130.0,108804.0,191429.0,231673.0,212772.0,164563.0,131321.0,99957.0,74713.0,58444.0,ETH
20400,Faroe Islands,Forest products (export/import),Import Value,1000 US$,,,,,,,,,,,,,,,,,,,,,,,,,,,,,,188.0,149.0,10038.0,6043.0,4364.0,4180.0,4180.0,4180.0,4180.0,4180.0,4180.0,4180.0,4180.0,4180.0,4180.0,4180.0,4180.0,4180.0,4180.0,4180.0,4180.0,4180.0,4180.0,4180.0,4162.0,8749.0,9736.0,10292.0,10007.0,13354.0,15215.0,FRO
20607,Fiji,Forest products (export/import),Import Value,1000 US$,973.0,1007.0,854.0,1630.0,2048.0,1545.0,1549.0,1768.0,1767.0,2557.0,2470.0,3458.0,4900.0,5799.0,5175.0,3692.0,3966.0,2729.0,7054.0,8899.0,9318.0,7930.0,7879.0,7577.0,8486.0,8423.0,11580.0,11020.0,7804.0,9122.0,16026.0,5678.0,8930.0,18562.0,21974.0,15361.0,6095.0,9200.0,12672.0,12672.0,14374.0,16808.0,22195.0,26374.0,29579.0,31026.0,34583.0,21757.0,23817.0,16604.0,25284.0,22677.0,24573.0,41342.0,20801.0,53172.0,45679.0,45704.0,20344.0,26508.0,FJI
20881,Finland,Forest products (export/import),Import Value,1000 US$,10865.0,11224.0,15735.0,30261.0,47867.0,44619.0,46267.0,41777.0,42640.0,52771.0,64721.0,66616.0,112158.0,149818.0,190113.0,190207.0,154291.0,151173.0,172509.0,235856.0,241183.0,300659.0,306306.0,340765.0,301137.0,329526.0,444957.0,501774.0,584644.0,616474.0,521439.0,699189.0,515930.0,665559.0,988050.0,708139.0,715736.0,902877.0,887469.0,904200.0,976135.0,1027145.0,1279124.0,1526172.0,1783270.0,1803389.0,2405913.0,2853303.0,1304576.0,1718574.0,1936806.0,1699790.0,1701879.0,1535894.0,1209790.0,1178659.0,1237714.0,1665539.0,1417161.0,1289846.0,FIN
21263,France,Forest products (export/import),Import Value,1000 US$,202017.0,205410.0,251864.0,329018.0,352650.0,388606.0,419307.0,599495.0,775772.0,817377.0,875948.0,1043874.0,1375809.0,2148233.0,1685576.0,2096874.0,2104400.0,2237588.0,2893583.0,3570941.0,3042622.0,2702513.0,2829439.0,2827734.0,2888825.0,3698846.0,4556705.0,5369201.0,5662545.0,6318091.0,5833776.0,6762945.0,5124296.0,6166716.0,8231980.0,5404875.0,5866291.0,7682123.0,7427294.0,7892299.0,6935153.0,7030906.0,8175126.0,9085385.0,9068105.0,9628184.0,11561266.0,11782589.0,8704687.0,9852318.0,10630999.0,9147902.0,9437658.0,9444266.0,7937780.0,7791618.0,8248066.0,9121610.0,8273613.0,7433972.0,FRA
22078,Gabon,Forest products (export/import),Import Value,1000 US$,,,,335.0,549.0,752.0,802.0,220.0,1448.0,181.0,228.0,326.0,329.0,221.0,12722.0,3198.0,5667.0,2014.0,3512.0,3599.0,2970.0,3370.0,3370.0,3655.0,5822.0,6581.0,5634.0,7265.0,4951.0,5979.0,5979.0,6502.0,5662.0,3716.0,2251.0,3065.0,3243.0,3136.0,2286.0,2286.0,6067.0,13414.0,28753.0,32651.0,8498.0,6169.0,7501.0,11126.0,12767.0,11847.0,12119.0,13082.0,14972.0,11529.0,8760.0,8571.0,7655.0,9189.0,7921.0,6295.0,GAB
22324,Gambia,Forest products (export/import),Import Value,1000 US$,60.0,79.0,110.0,81.0,212.0,161.0,111.0,155.0,144.0,86.0,50.0,56.0,148.0,95.0,165.0,165.0,328.0,171.0,175.0,185.0,565.0,316.0,324.0,324.0,394.0,475.0,667.0,732.0,512.0,477.0,474.0,1241.0,1640.0,716.0,682.0,468.0,818.0,1100.0,1416.0,1710.0,1710.0,532.0,2337.0,1718.0,1718.0,2695.0,6994.0,5029.0,5362.0,4934.0,5466.0,5938.0,4228.0,5522.0,6007.0,5351.0,5939.0,8642.0,9033.0,7250.0,GMB
22551,Georgia,Forest products (export/import),Import Value,1000 US$,,,,,,,,,,,,,,,,,,,,,,,,,,,,,,,,57.0,164.0,228.0,303.0,272.0,4495.0,2649.0,5043.0,4814.0,4838.0,4833.0,4794.0,4943.0,4863.0,38737.0,60630.0,60630.0,60630.0,60630.0,94591.0,89306.0,109302.0,122334.0,123290.0,105533.0,125379.0,155247.0,149006.0,123655.0,GEO
22884,Germany,Forest products (export/import),Import Value,1000 US$,661715.0,700937.0,733495.0,820690.0,924637.0,898869.0,785636.0,1075114.0,1337283.0,1536336.0,1617187.0,1855892.0,2608343.0,3156025.0,3071873.0,4054068.0,4394803.0,4584156.0,5842354.0,6887866.0,5869481.0,5304148.0,5369268.0,5655433.0,5509443.0,6971722.0,8670650.0,9837314.0,10824257.0,12628540.0,12609355.0,12166340.0,9306108.0,11026177.0,14240484.0,11730817.0,10916458.0,10839911.0,10779231.0,12583010.0,11476762.0,11786486.0,13728073.0,15309291.0,15390399.0,17481122.0,20793944.0,21504460.0,15801364.0,19212866.0,21584580.0,18997727.0,19321725.0,19790215.0,17902955.0,17576129.0,18402081.0,20137693.0,17781391.0,16149672.0,DEU
23266,Ghana,Forest products (export/import),Import Value,1000 US$,2402.0,2188.0,2874.0,2862.0,4454.0,5384.0,4296.0,3839.0,5292.0,6950.0,7867.0,4406.0,9700.0,25713.0,20729.0,7134.0,4113.0,3605.0,3205.0,2835.0,8435.0,2790.0,3829.0,4329.0,9493.0,9608.0,15814.0,15876.0,12349.0,16341.0,11499.0,10298.0,10590.0,13041.0,11084.0,11983.0,17721.0,24016.0,20943.0,20882.0,18558.0,19940.0,34088.0,45620.0,46496.0,51779.0,51890.0,56219.0,57300.0,81037.0,79899.0,77724.0,77446.0,87692.0,91897.0,97677.0,129590.0,217362.0,165872.0,121287.0,GHA
23735,Greece,Forest products (export/import),Import Value,1000 US$,29118.0,32048.0,36540.0,39911.0,52277.0,61679.0,57629.0,73491.0,73627.0,84634.0,92470.0,107141.0,143932.0,171042.0,209150.0,221942.0,199090.0,213314.0,269619.0,343624.0,289242.0,286845.0,286879.0,293298.0,288698.0,381344.0,484736.0,512463.0,869726.0,936631.0,906157.0,616570.0,403690.0,463768.0,382832.0,442749.0,834064.0,828478.0,734184.0,856168.0,767909.0,756520.0,1068395.0,1044655.0,1134405.0,1190566.0,1392964.0,1702092.0,1187065.0,1144092.0,1076657.0,896928.0,982488.0,1034021.0,1028131.0,1029562.0,987861.0,1119315.0,1070897.0,1004345.0,GRC
24296,Grenada,Forest products (export/import),Import Value,1000 US$,,,,,,,,,,,,,,,,,,,,,,,,,,,,,,,,3977.0,3177.0,5735.0,6244.0,6244.0,10832.0,5167.0,5167.0,5167.0,5167.0,5167.0,5167.0,5167.0,5167.0,5167.0,5167.0,5167.0,5167.0,5167.0,5167.0,5167.0,6366.0,6048.0,6211.0,6313.0,4879.0,6936.0,7573.0,7047.0,GRD
24695,Guatemala,Forest products (export/import),Import Value,1000 US$,2121.0,1703.0,1100.0,1722.0,3939.0,5161.0,7513.0,8752.0,9449.0,10283.0,10349.0,14739.0,12922.0,21295.0,13852.0,22124.0,21773.0,38572.0,40413.0,95846.0,65795.0,58349.0,63786.0,61670.0,44819.0,44165.0,44165.0,50853.0,71668.0,71314.0,50748.0,95123.0,95552.0,87571.0,132223.0,77754.0,89942.0,161577.0,120793.0,159299.0,167778.0,189084.0,196383.0,217071.0,229365.0,231915.0,290852.0,332991.0,271839.0,351074.0,426310.0,393974.0,423817.0,447097.0,417972.0,346327.0,443969.0,509405.0,577704.0,530712.0,GTM
25021,Guinea,Forest products (export/import),Import Value,1000 US$,,,,,,,,,,,,,,,,,,,,,1700.0,1300.0,1300.0,1300.0,1056.0,1056.0,1056.0,1056.0,1056.0,1081.0,974.0,2961.0,2860.0,3397.0,3351.0,4523.0,5860.0,6291.0,4542.0,4542.0,4542.0,4542.0,4542.0,3402.0,3402.0,3402.0,3402.0,5605.0,5498.0,4114.0,9809.0,9387.0,9385.0,6789.0,6635.0,5758.0,7326.0,7629.0,12290.0,17445.0,GIN
25244,Guinea-Bissau,Forest products (export/import),Import Value,1000 US$,27.0,27.0,27.0,27.0,27.0,27.0,27.0,27.0,27.0,79.0,161.0,130.0,131.0,131.0,141.0,98.0,98.0,98.0,98.0,98.0,130.0,310.0,310.0,310.0,310.0,200.0,200.0,200.0,200.0,200.0,200.0,405.0,518.0,209.0,186.0,186.0,300.0,155.0,176.0,125.0,125.0,184.0,199.0,356.0,356.0,536.0,948.0,1042.0,922.0,839.0,1392.0,2792.0,1751.0,1147.0,830.0,1010.0,807.0,1173.0,2417.0,642.0,GNB
25435,Guyana,Forest products (export/import),Import Value,1000 US$,1004.0,969.0,803.0,1089.0,1113.0,1487.0,2062.0,1654.0,1633.0,2112.0,1903.0,2206.0,3146.0,4867.0,4671.0,4638.0,6013.0,5071.0,6959.0,6469.0,4205.0,3125.0,3125.0,3125.0,2694.0,2909.0,2526.0,3171.0,1177.0,1458.0,1458.0,2049.0,1742.0,1284.0,3360.0,3206.0,3469.0,3239.0,2873.0,3077.0,1863.0,2657.0,3646.0,3803.0,4956.0,5771.0,5394.0,5424.0,5346.0,6328.0,7344.0,7669.0,8057.0,7387.0,7066.0,6411.0,9069.0,9582.0,7838.0,9632.0,GUY
25686,Haiti,Forest products (export/import),Import Value,1000 US$,575.0,563.0,576.0,544.0,500.0,513.0,616.0,595.0,929.0,1424.0,1616.0,1825.0,1986.0,2211.0,2501.0,3725.0,5216.0,5217.0,5173.0,4812.0,5723.0,6185.0,6185.0,6185.0,11538.0,10214.0,14010.0,4530.0,12160.0,10190.0,10237.0,2086.0,5167.0,5515.0,16099.0,12545.0,13670.0,9545.0,10735.0,11026.0,11171.0,16244.0,16244.0,11409.0,11409.0,21693.0,22390.0,22889.0,25686.0,60618.0,53277.0,36078.0,40863.0,25805.0,36149.0,34645.0,49790.0,53523.0,39149.0,43265.0,HTI
25995,Honduras,Forest products (export/import),Import Value,1000 US$,1462.0,1656.0,2802.0,3686.0,6907.0,15086.0,12881.0,15300.0,13144.0,13927.0,18012.0,15283.0,15203.0,29318.0,14017.0,31652.0,33668.0,39141.0,27599.0,28312.0,31795.0,28832.0,20719.0,37767.0,67038.0,28834.0,36518.0,71407.0,55272.0,33367.0,67950.0,81584.0,54674.0,53642.0,96163.0,91517.0,71591.0,104358.0,61943.0,69441.0,60681.0,72462.0,101776.0,91890.0,109910.0,122396.0,128696.0,139742.0,98818.0,138885.0,154870.0,138756.0,152040.0,152641.0,178333.0,144397.0,175683.0,221136.0,170988.0,131995.0,HND
26320,Hungary,Forest products (export/import),Import Value,1000 US$,70706.0,73343.0,77155.0,93178.0,98682.0,98782.0,99278.0,124400.0,124814.0,151675.0,187897.0,180413.0,230753.0,310272.0,457247.0,323110.0,369853.0,413751.0,370298.0,435471.0,338431.0,267757.0,280079.0,265199.0,252587.0,298653.0,291511.0,343751.0,373437.0,321876.0,373873.0,219545.0,280169.0,370013.0,402733.0,441002.0,491523.0,602225.0,612294.0,686407.0,697753.0,695033.0,967597.0,1138456.0,1086235.0,1162793.0,1513492.0,1519357.0,1227954.0,1215102.0,1382410.0,1199076.0,1274112.0,1342473.0,1191719.0,1233552.0,1312909.0,1432450.0,1315403.0,1315403.0,HUN
26698,Iceland,Forest products (export/import),Import Value,1000 US$,4639.0,5716.0,6998.0,7195.0,8511.0,8723.0,8652.0,9267.0,7554.0,9754.0,10700.0,12071.0,18189.0,29162.0,22158.0,18124.0,27463.0,31290.0,39288.0,51639.0,45845.0,43093.0,39761.0,35475.0,35782.0,36820.0,64933.0,64933.0,59293.0,59140.0,59119.0,49809.0,54205.0,56128.0,58582.0,61650.0,65172.0,66341.0,54641.0,68144.0,49878.0,52728.0,63565.0,76147.0,88759.0,91482.0,112616.0,89152.0,55573.0,63716.0,69077.0,67166.0,69799.0,74242.0,74242.0,69836.0,80083.0,138971.0,123855.0,134950.0,ISL
27050,India,Forest products (export/import),Import Value,1000 US$,35712.0,32645.0,26833.0,31203.0,33964.0,37934.0,27465.0,38061.0,48470.0,47532.0,57917.0,53029.0,49706.0,83202.0,84091.0,74701.0,117015.0,146222.0,188233.0,205868.0,235018.0,304225.0,204117.0,235403.0,232804.0,373910.0,341736.0,404564.0,367845.0,587318.0,597171.0,575841.0,291381.0,301699.0,478735.0,753888.0,697799.0,831170.0,825358.0,1011234.0,986472.0,1123604.0,1434885.0,2022433.0,2363168.0,2530642.0,3041511.0,3905527.0,3264260.0,4151402.0,5609599.0,5459962.0,5832232.0,6392797.0,5774492.0,5736663.0,6392718.0,6914630.0,6719180.0,4459288.0,IND
27414,Indonesia,Forest products (export/import),Import Value,1000 US$,25111.0,14997.0,15001.0,15001.0,9300.0,9199.0,13835.0,19269.0,20231.0,29580.0,28885.0,26735.0,47807.0,63022.0,70860.0,107290.0,118122.0,152706.0,145105.0,156521.0,180645.0,224945.0,278807.0,263807.0,221020.0,251047.0,322491.0,383929.0,436265.0,455908.0,467560.0,648461.0,684355.0,859709.0,826832.0,866984.0,975949.0,842344.0,934489.0,1375595.0,1028224.0,971265.0,961262.0,1314177.0,1338540.0,1407878.0,1661749.0,2283323.0,1578664.0,2426206.0,2824536.0,2581280.0,2865504.0,2835725.0,2231372.0,2362389.0,2752521.0,3036658.0,2943083.0,2259175.0,IDN
27778,Iran (Islamic Republic of),Forest products (export/import),Import Value,1000 US$,15788.0,17408.0,16402.0,19026.0,23514.0,22930.0,30910.0,38902.0,63516.0,64863.0,130846.0,177147.0,172728.0,147459.0,380919.0,368647.0,486572.0,459747.0,441173.0,384756.0,346243.0,300246.0,385183.0,359883.0,176132.0,269746.0,311790.0,232926.0,230258.0,577349.0,430867.0,386416.0,128916.0,234453.0,328077.0,520804.0,277966.0,199133.0,368685.0,479652.0,417077.0,459991.0,615460.0,656746.0,592802.0,643661.0,865052.0,850563.0,966622.0,1461842.0,1612136.0,1609545.0,1104387.0,1344919.0,1324955.0,1368677.0,1397547.0,1259823.0,736220.0,421982.0,IRN
28114,Iraq,Forest products (export/import),Import Value,1000 US$,18885.0,16578.0,12254.0,16608.0,21586.0,23809.0,13038.0,12348.0,18185.0,27825.0,30311.0,28616.0,21155.0,115572.0,130422.0,135240.0,133834.0,138928.0,139222.0,157121.0,114056.0,147856.0,84656.0,134816.0,150756.0,117556.0,117556.0,117556.0,117556.0,121487.0,117378.0,1788.0,606.0,439.0,439.0,148.0,246.0,3008.0,4406.0,4396.0,21830.0,21258.0,24065.0,44851.0,48627.0,53986.0,43412.0,67680.0,66698.0,80951.0,118192.0,132961.0,199037.0,290823.0,253411.0,291084.0,332812.0,384789.0,389280.0,407211.0,IRQ
28383,Ireland,Forest products (export/import),Import Value,1000 US$,29404.0,29110.0,35035.0,41986.0,43654.0,51024.0,50874.0,59739.0,66891.0,71765.0,81274.0,96262.0,127778.0,216915.0,153152.0,182082.0,205458.0,253670.0,359363.0,376218.0,364333.0,302767.0,271098.0,278437.0,269746.0,288992.0,318546.0,493878.0,523337.0,542410.0,541256.0,587423.0,437584.0,609218.0,642223.0,982644.0,683714.0,758954.0,732045.0,730128.0,697157.0,660376.0,868588.0,902842.0,973970.0,1130804.0,1336492.0,1252314.0,709122.0,700198.0,768433.0,714091.0,747543.0,807768.0,752059.0,751024.0,765195.0,845795.0,845795.0,845795.0,IRL
28761,Israel,Forest products (export/import),Import Value,1000 US$,29383.0,32332.0,32711.0,43180.0,45933.0,39720.0,40691.0,54262.0,60072.0,62337.0,68083.0,75056.0,99628.0,134921.0,150504.0,141488.0,136250.0,161021.0,210170.0,189553.0,210920.0,240336.0,220932.0,213062.0,181035.0,246333.0,304970.0,280244.0,350735.0,412594.0,464540.0,540223.0,521705.0,443938.0,523650.0,678829.0,718944.0,519053.0,669410.0,733799.0,656679.0,619731.0,647720.0,743529.0,831337.0,881267.0,1086868.0,1172225.0,870298.0,1126760.0,1173772.0,1044159.0,972442.0,1061549.0,958985.0,955542.0,955775.0,1192378.0,1048404.0,1048404.0,ISR
29120,Italy,Forest products (export/import),Import Value,1000 US$,271206.0,296117.0,328925.0,297204.0,295360.0,362769.0,383948.0,547080.0,662693.0,762132.0,693613.0,859594.0,1360457.0,1929335.0,1395852.0,1844723.0,1843939.0,2097021.0,3202897.0,4075877.0,3136703.0,2934095.0,2486429.0,2870889.0,2746213.0,3418586.0,4640187.0,5695849.0,6114380.0,6825292.0,6425632.0,6837616.0,5644940.0,6626630.0,8669228.0,6359640.0,6823035.0,6885677.0,7139451.0,7824037.0,6867456.0,7415539.0,8605126.0,9507381.0,8870641.0,10455724.0,12068982.0,11430438.0,8797176.0,10563858.0,11357326.0,9343272.0,10028369.0,10221207.0,8902731.0,8602934.0,9481771.0,10914020.0,9570769.0,7874810.0,ITA
29498,Jamaica,Forest products (export/import),Import Value,1000 US$,8781.0,8349.0,10265.0,13066.0,14811.0,15263.0,16900.0,16639.0,18498.0,21209.0,21881.0,28697.0,28697.0,28697.0,28697.0,46826.0,44537.0,44431.0,48751.0,35404.0,75144.0,66948.0,72410.0,50700.0,45227.0,42174.0,47131.0,65414.0,75219.0,61220.0,69767.0,64771.0,88781.0,80528.0,93216.0,85638.0,89594.0,100619.0,96202.0,90515.0,81155.0,77630.0,79560.0,80926.0,90218.0,106309.0,102638.0,111862.0,85465.0,98918.0,99781.0,93244.0,100575.0,99949.0,91056.0,90411.0,97783.0,109607.0,107180.0,105810.0,JAM
29772,Japan,Forest products (export/import),Import Value,1000 US$,293176.0,359404.0,475560.0,542667.0,582890.0,795693.0,1090577.0,1358020.0,1516010.0,1893353.0,1741221.0,2080799.0,4096652.0,4923723.0,3557122.0,4553750.0,4960827.0,5516274.0,9127442.0,9671352.0,6321622.0,6565846.0,6127791.0,6179765.0,5949444.0,6691340.0,9947184.0,11037371.0,14041259.0,13150348.0,12631371.0,13436229.0,16736197.0,17066400.0,19486219.0,18639365.0,16684401.0,10979660.0,12351190.0,13391162.0,11284322.0,10464067.0,10983238.0,12903704.0,11997204.0,12777951.0,12335283.0,12360218.0,9918650.0,11869232.0,14106435.0,13352210.0,12939403.0,12138537.0,10508751.0,10167933.0,10374622.0,11183610.0,10700877.0,9213448.0,JPN
30144,Jordan,Forest products (export/import),Import Value,1000 US$,3253.0,4845.0,4610.0,4648.0,5046.0,6040.0,7012.0,4249.0,3844.0,3910.0,2468.0,5216.0,7077.0,12164.0,18296.0,28541.0,33602.0,39254.0,81780.0,64067.0,56055.0,71508.0,71508.0,80046.0,51406.0,72027.0,84557.0,65022.0,65238.0,56148.0,56088.0,141637.0,166832.0,116332.0,151958.0,121047.0,120020.0,110233.0,94740.0,167842.0,187548.0,169147.0,173713.0,249661.0,248794.0,233389.0,303543.0,413067.0,321903.0,389337.0,458212.0,468937.0,462336.0,503357.0,362353.0,401974.0,430542.0,462571.0,424160.0,398141.0,JOR
30452,Kazakhstan,Forest products (export/import),Import Value,1000 US$,,,,,,,,,,,,,,,,,,,,,,,,,,,,,,,,142.0,1254.0,3353.0,3242.0,57590.0,48398.0,26182.0,48398.0,87994.0,87994.0,113770.0,158836.0,207956.0,283853.0,433673.0,601712.0,501859.0,449184.0,528076.0,646343.0,658183.0,571512.0,597285.0,597262.0,597346.0,597318.0,503036.0,525040.0,482637.0,KAZ
30793,Kenya,Forest products (export/import),Import Value,1000 US$,4741.0,5956.0,6978.0,7990.0,9748.0,11638.0,12664.0,13026.0,15704.0,17482.0,21717.0,20093.0,27508.0,51725.0,27443.0,16628.0,22718.0,31371.0,30594.0,26622.0,19004.0,15924.0,18867.0,11748.0,13974.0,11226.0,27877.0,22899.0,28503.0,24667.0,24667.0,15079.0,15476.0,19187.0,21111.0,22763.0,29111.0,38032.0,38019.0,32312.0,29117.0,24162.0,82078.0,81082.0,95410.0,84131.0,161006.0,196662.0,196733.0,263934.0,289353.0,217017.0,247964.0,315385.0,309003.0,286911.0,332056.0,425273.0,321824.0,330363.0,KEN
31134,Kiribati,Forest products (export/import),Import Value,1000 US$,,,,,,,,,,,,,,,,,,,,,,,,,,,,,,24.0,1.0,424.0,363.0,769.0,769.0,769.0,769.0,769.0,769.0,769.0,769.0,769.0,769.0,769.0,769.0,769.0,769.0,769.0,769.0,769.0,769.0,769.0,769.0,769.0,3654.0,1892.0,2703.0,2506.0,2220.0,2151.0,KIR
31249,Kuwait,Forest products (export/import),Import Value,1000 US$,,,,9046.0,9765.0,12099.0,14637.0,10254.0,13313.0,10987.0,11574.0,13469.0,26998.0,46037.0,39812.0,61008.0,75611.0,70732.0,77190.0,157885.0,186389.0,186141.0,114100.0,118335.0,101384.0,107791.0,135920.0,112037.0,116709.0,59836.0,60040.0,102349.0,83647.0,101130.0,78076.0,93426.0,92703.0,94028.0,97708.0,98642.0,108056.0,109923.0,113909.0,155994.0,159171.0,163253.0,222244.0,266968.0,169576.0,214461.0,281721.0,276292.0,311585.0,421844.0,338943.0,302362.0,391684.0,415627.0,252644.0,267836.0,KWT
31532,Kyrgyzstan,Forest products (export/import),Import Value,1000 US$,,,,,,,,,,,,,,,,,,,,,,,,,,,,,,,,,667.0,66.0,66.0,10489.0,9167.0,4530.0,9214.0,12173.0,10806.0,13270.0,16607.0,26614.0,31229.0,35772.0,47007.0,64692.0,73434.0,76610.0,115417.0,152615.0,167901.0,165732.0,89816.0,121624.0,68914.0,81701.0,96677.0,79189.0,KGZ
31871,Lao People's Democratic Republic,Forest products (export/import),Import Value,1000 US$,309.0,297.0,512.0,120.0,595.0,595.0,1021.0,690.0,1249.0,1594.0,1036.0,1036.0,807.0,816.0,816.0,816.0,816.0,816.0,816.0,816.0,150.0,200.0,200.0,200.0,175.0,180.0,470.0,270.0,140.0,950.0,950.0,443.0,707.0,553.0,1214.0,1214.0,2022.0,902.0,704.0,195.0,1748.0,1748.0,1748.0,1748.0,1748.0,1748.0,1748.0,16243.0,16120.0,17047.0,18893.0,19095.0,23349.0,18694.0,20477.0,25858.0,25720.0,37440.0,129209.0,112344.0,LAO
32145,Latvia,Forest products (export/import),Import Value,1000 US$,,,,,,,,,,,,,,,,,,,,,,,,,,,,,,,,1786.0,25751.0,40841.0,83126.0,92511.0,73129.0,85872.0,55020.0,93638.0,102605.0,129083.0,192825.0,302206.0,337844.0,357988.0,575448.0,360760.0,181270.0,260424.0,319921.0,331543.0,416293.0,510897.0,460707.0,494442.0,562321.0,637320.0,666258.0,690680.0,LVA
32495,Lebanon,Forest products (export/import),Import Value,1000 US$,19763.0,15874.0,14187.0,16537.0,18222.0,19578.0,16273.0,21152.0,20935.0,22878.0,28133.0,34251.0,34699.0,34671.0,34195.0,33463.0,48521.0,49064.0,49676.0,49779.0,58984.0,60769.0,63933.0,74558.0,58958.0,76333.0,77602.0,44673.0,34846.0,40845.0,40772.0,76643.0,74343.0,115766.0,92577.0,157755.0,178475.0,203732.0,166235.0,136984.0,187603.0,188959.0,187549.0,254177.0,257060.0,254898.0,331384.0,340975.0,340337.0,467644.0,503880.0,441331.0,423353.0,502070.0,339022.0,358671.0,360978.0,453197.0,292640.0,213123.0,LBN
32803,Lesotho,Forest products (export/import),Import Value,1000 US$,,,,,,,,,,,,,,,,,,,,,,1006.0,6500.0,4588.0,4588.0,4588.0,4588.0,4588.0,4588.0,4588.0,2937.0,0.0,0.0,0.0,0.0,0.0,0.0,0.0,0.0,0.0,0.0,0.0,0.0,0.0,0.0,0.0,0.0,0.0,1587.0,19391.0,22288.0,21091.0,15634.0,14457.0,13600.0,13378.0,18152.0,19179.0,18985.0,17148.0,LSO
33028,Liberia,Forest products (export/import),Import Value,1000 US$,,,,,1180.0,754.0,841.0,860.0,770.0,379.0,516.0,612.0,811.0,1825.0,1876.0,1513.0,2754.0,3288.0,2440.0,5809.0,5255.0,5716.0,5874.0,1804.0,2326.0,4693.0,1773.0,3562.0,2545.0,2765.0,2751.0,681.0,392.0,263.0,263.0,462.0,1000.0,1635.0,612.0,379.0,379.0,516.0,1576.0,2217.0,3559.0,3329.0,2373.0,3698.0,3164.0,4090.0,5098.0,6376.0,7163.0,6642.0,7573.0,5028.0,6380.0,9144.0,7341.0,8902.0,LBR
33257,Libya,Forest products (export/import),Import Value,1000 US$,2871.0,3433.0,2869.0,5049.0,5436.0,9141.0,9538.0,12546.0,10459.0,8305.0,15927.0,23036.0,78773.0,116473.0,85627.0,66067.0,69344.0,71712.0,73030.0,74430.0,143223.0,110797.0,104952.0,78952.0,69654.0,64535.0,60860.0,87912.0,67013.0,42400.0,42087.0,36600.0,55481.0,49073.0,45167.0,46124.0,46183.0,34097.0,33260.0,31525.0,27737.0,33402.0,38231.0,54645.0,61020.0,74579.0,97230.0,180262.0,190066.0,198882.0,61951.0,154255.0,220062.0,155271.0,53708.0,53953.0,58290.0,83829.0,116330.0,79827.0,LBY
33738,Lithuania,Forest products (export/import),Import Value,1000 US$,,,,,,,,,,,,,,,,,,,,,,,,,,,,,,,,533.0,7260.0,30447.0,63577.0,63837.0,116706.0,121389.0,110611.0,126277.0,136928.0,155060.0,215267.0,330680.0,408380.0,451896.0,622011.0,605515.0,391853.0,504055.0,635445.0,661306.0,705026.0,811962.0,678823.0,729249.0,808752.0,955639.0,926560.0,921652.0,LTU
34088,Luxembourg,Forest products (export/import),Import Value,1000 US$,,,,,,,,,,,,,,,,,,,,,,,,,,,,,,,,,,,,,,,,173813.0,179825.0,152203.0,218617.0,212514.0,301158.0,315517.0,392322.0,394266.0,347816.0,355998.0,388987.0,315182.0,323308.0,322167.0,313750.0,312245.0,330229.0,367142.0,369186.0,346230.0,LUX
34422,Madagascar,Forest products (export/import),Import Value,1000 US$,1200.0,1405.0,1638.0,2018.0,5103.0,5119.0,3134.0,2925.0,2183.0,2853.0,2952.0,2064.0,1884.0,3086.0,4342.0,2892.0,2811.0,2811.0,7884.0,8716.0,13650.0,8349.0,8349.0,9372.0,10556.0,7296.0,8716.0,7877.0,5283.0,3517.0,3517.0,8356.0,6073.0,6705.0,10258.0,9313.0,9051.0,9409.0,4856.0,7514.0,7841.0,5701.0,5701.0,15044.0,15044.0,15816.0,17434.0,34897.0,16821.0,23747.0,26984.0,24540.0,25997.0,39104.0,39249.0,38170.0,35590.0,31282.0,42301.0,27476.0,MDG
34729,Malawi,Forest products (export/import),Import Value,1000 US$,,,,737.0,652.0,1203.0,1291.0,1308.0,1597.0,1968.0,2879.0,2471.0,4051.0,5794.0,5728.0,3436.0,5707.0,9472.0,10594.0,27038.0,15680.0,11401.0,11433.0,7212.0,8218.0,6707.0,7595.0,6557.0,4872.0,7650.0,7650.0,3020.0,4537.0,3128.0,8057.0,3956.0,4698.0,4698.0,5265.0,4702.0,4702.0,3415.0,14308.0,11089.0,11321.0,16251.0,19314.0,22020.0,26490.0,29004.0,29233.0,13904.0,23397.0,24592.0,19777.0,15903.0,18559.0,18046.0,20497.0,22516.0,MWI
35001,Malaysia,Forest products (export/import),Import Value,1000 US$,21576.0,24552.0,25976.0,12740.0,14231.0,14755.0,16827.0,19652.0,21607.0,31220.0,33505.0,42574.0,68776.0,112194.0,81067.0,113375.0,117711.0,130843.0,146793.0,192518.0,217554.0,217481.0,218046.0,225071.0,229066.0,257021.0,301182.0,344446.0,463806.0,494429.0,631826.0,704169.0,429899.0,740851.0,865144.0,1108525.0,928534.0,759054.0,955210.0,972365.0,1092818.0,1000196.0,1027380.0,1458614.0,1404019.0,1639815.0,1792509.0,2015958.0,1590340.0,2096039.0,2222456.0,2079885.0,1965339.0,2069530.0,1699395.0,1980479.0,2103214.0,2490379.0,2513175.0,2316215.0,MYS
35357,Maldives,Forest products (export/import),Import Value,1000 US$,,,,,,,,,,,,,,,,,,,,,,,,,,,,,2035.0,3374.0,3568.0,6353.0,8819.0,9466.0,4220.0,4220.0,4220.0,4220.0,4220.0,4220.0,4220.0,4220.0,4220.0,4220.0,4220.0,4220.0,4220.0,4220.0,21617.0,24163.0,24686.0,30626.0,30620.0,32647.0,45060.0,59583.0,68403.0,81886.0,45857.0,24685.0,MDV
35530,Mali,Forest products (export/import),Import Value,1000 US$,229.0,275.0,287.0,429.0,290.0,316.0,399.0,445.0,445.0,445.0,445.0,815.0,475.0,560.0,560.0,1550.0,1889.0,1882.0,924.0,1073.0,1166.0,1980.0,1889.0,1752.0,1445.0,1915.0,1915.0,1915.0,1915.0,1915.0,1915.0,2253.0,2324.0,2237.0,1701.0,1904.0,7432.0,10088.0,8731.0,9866.0,10031.0,6807.0,9088.0,8952.0,7763.0,8210.0,14748.0,20522.0,12856.0,24259.0,20031.0,30038.0,41473.0,14009.0,15201.0,18082.0,18967.0,20074.0,16235.0,6016.0,MLI
35779,Malta,Forest products (export/import),Import Value,1000 US$,1844.0,1842.0,1559.0,2147.0,2202.0,2357.0,2236.0,3025.0,3672.0,5405.0,4218.0,4448.0,7248.0,12651.0,8630.0,11232.0,20956.0,18532.0,26702.0,30850.0,14656.0,12356.0,12356.0,15329.0,22810.0,27605.0,27605.0,27605.0,37173.0,41369.0,48496.0,41584.0,37052.0,59159.0,65063.0,46176.0,53789.0,51545.0,51886.0,52045.0,50096.0,76070.0,72495.0,86506.0,76200.0,83729.0,88888.0,105015.0,87149.0,86930.0,98493.0,84661.0,82692.0,86446.0,71732.0,69478.0,63507.0,92164.0,103781.0,103781.0,MLT
36129,Marshall Islands,Forest products (export/import),Import Value,1000 US$,,,,,,,,,,,,,,,,,,,,,,,,,,,,,,,,1363.0,1923.0,1923.0,1923.0,1923.0,1923.0,1923.0,1923.0,1923.0,1923.0,1923.0,1923.0,1923.0,1923.0,1923.0,1923.0,1923.0,1923.0,1923.0,1923.0,1923.0,1923.0,1923.0,3727.0,2640.0,1441.0,1696.0,2559.0,3002.0,MHL
36412,Mauritania,Forest products (export/import),Import Value,1000 US$,,,,,,,,,,,,,,,,,,,,,,,,,2893.0,3353.0,3157.0,649.0,920.0,858.0,844.0,1224.0,1201.0,1201.0,711.0,2649.0,2442.0,1674.0,6000.0,2192.0,2192.0,1477.0,2825.0,4476.0,4476.0,3479.0,8201.0,7357.0,6303.0,7835.0,13416.0,10500.0,10892.0,11105.0,6189.0,10410.0,13392.0,16401.0,17105.0,16512.0,MRT
36620,Mauritius,Forest products (export/import),Import Value,1000 US$,1503.0,1266.0,1211.0,1305.0,1398.0,1217.0,1491.0,1257.0,1249.0,1503.0,1889.0,2264.0,2890.0,6395.0,5910.0,6929.0,9105.0,8961.0,9566.0,8887.0,8404.0,8931.0,8692.0,7872.0,8357.0,12002.0,10501.0,27892.0,25995.0,28656.0,33939.0,40259.0,46290.0,49986.0,49561.0,59858.0,17436.0,64122.0,67591.0,41101.0,41761.0,49091.0,51992.0,65775.0,65775.0,57087.0,75888.0,79502.0,57306.0,96287.0,89332.0,93809.0,72517.0,74662.0,48533.0,63220.0,71868.0,95487.0,93241.0,72479.0,MUS
36949,Mexico,Forest products (export/import),Import Value,1000 US$,28742.0,30281.0,31049.0,36597.0,48037.0,56770.0,54920.0,52291.0,67986.0,94919.0,72335.0,65946.0,82441.0,199196.0,180929.0,266073.0,348705.0,198467.0,267490.0,655415.0,664420.0,668173.0,434009.0,289842.0,369564.0,432388.0,528869.0,663729.0,708690.0,693746.0,774767.0,1181566.0,1154187.0,1306779.0,1371298.0,1338344.0,1470208.0,1480407.0,2105466.0,2728703.0,2041932.0,2305697.0,2712225.0,3284098.0,3599714.0,4277644.0,4281021.0,4644647.0,3537116.0,4442056.0,4625473.0,4788275.0,4953839.0,5173728.0,4943589.0,5114875.0,5465373.0,6014424.0,5253442.0,4437467.0,MEX
37309,Micronesia (Federated States of),Forest products (export/import),Import Value,1000 US$,,,,,,,,,,,,,,,,,,,,,,,,,,,,,,,,2142.0,1916.0,2110.0,2110.0,2110.0,2110.0,2110.0,2110.0,2110.0,2110.0,2110.0,2110.0,2110.0,2110.0,2110.0,2110.0,2110.0,2110.0,2110.0,1907.0,2284.0,1764.0,1764.0,2602.0,3406.0,1897.0,1870.0,2426.0,2694.0,FSM
37440,Mongolia,Forest products (export/import),Import Value,1000 US$,,,,,,660.0,660.0,730.0,810.0,740.0,740.0,740.0,740.0,740.0,3850.0,3950.0,3950.0,3974.0,3994.0,4016.0,4140.0,6800.0,6800.0,6800.0,6800.0,28.0,155.0,158.0,37.0,1494.0,1495.0,1602.0,274.0,833.0,759.0,1722.0,2873.0,2509.0,2945.0,2968.0,2968.0,2968.0,2968.0,2968.0,2968.0,2968.0,2968.0,12728.0,14210.0,20577.0,28779.0,32498.0,30274.0,67052.0,43777.0,50420.0,35495.0,52332.0,63894.0,33054.0,MNG
37685,Montenegro,Forest products (export/import),Import Value,1000 US$,,,,,,,,,,,,,,,,,,,,,,,,,,,,,,,,,,,,,,,,,,,,,,11798.0,11798.0,30060.0,17903.0,17903.0,24025.0,22925.0,22993.0,22733.0,22284.0,24159.0,27102.0,28351.0,29906.0,29906.0,MNE
38117,Morocco,Forest products (export/import),Import Value,1000 US$,15951.0,14757.0,20376.0,22066.0,19090.0,19765.0,23277.0,22097.0,26366.0,34809.0,34392.0,33466.0,49391.0,80038.0,83726.0,98533.0,125646.0,111848.0,145801.0,158090.0,151066.0,168127.0,134699.0,131705.0,124195.0,136300.0,143112.0,226678.0,255627.0,197691.0,246665.0,300650.0,267382.0,340454.0,447437.0,335423.0,338440.0,314427.0,328760.0,349323.0,353317.0,395625.0,405888.0,514985.0,481120.0,584739.0,791210.0,829180.0,697628.0,786297.0,792393.0,790947.0,741250.0,941043.0,793613.0,880996.0,954873.0,1067322.0,1018216.0,972749.0,MAR
38448,Mozambique,Forest products (export/import),Import Value,1000 US$,3290.0,1085.0,1222.0,2229.0,3071.0,1998.0,2677.0,2310.0,3304.0,4845.0,5129.0,4878.0,7658.0,5475.0,7423.0,7263.0,7813.0,6807.0,9989.0,10900.0,7030.0,9880.0,9880.0,1150.0,396.0,3717.0,6936.0,9643.0,4836.0,5039.0,4897.0,1160.0,1255.0,749.0,764.0,349.0,357.0,326.0,10077.0,1956.0,1625.0,919.0,12332.0,17325.0,17325.0,20604.0,28071.0,36753.0,32695.0,30870.0,29972.0,29839.0,40804.0,61606.0,42595.0,35652.0,33163.0,47653.0,56524.0,45606.0,MOZ
38723,Myanmar,Forest products (export/import),Import Value,1000 US$,5488.0,6080.0,6080.0,10304.0,7937.0,5086.0,3712.0,6035.0,6279.0,7414.0,6305.0,4839.0,5130.0,8275.0,9190.0,6595.0,10607.0,10400.0,10760.0,9770.0,15745.0,14527.0,9934.0,14358.0,10429.0,11069.0,11995.0,18261.0,18261.0,4726.0,5681.0,5072.0,1886.0,4986.0,11427.0,9743.0,11961.0,11843.0,18875.0,19633.0,29255.0,28189.0,22024.0,26663.0,26019.0,26195.0,23959.0,24281.0,24487.0,46278.0,81588.0,119555.0,120731.0,203254.0,209905.0,220498.0,283178.0,317714.0,268903.0,199540.0,MMR
39013,Namibia,Forest products (export/import),Import Value,1000 US$,,,,,,,,,,,,,,,,,,,,,,,,,,,,,,,,,,,,,,,,22211.0,20329.0,21084.0,14172.0,38262.0,29946.0,30592.0,38999.0,41157.0,52953.0,60214.0,63896.0,63979.0,68111.0,78123.0,74431.0,65897.0,58720.0,61538.0,69148.0,138289.0,NAM
39282,Nauru,Forest products (export/import),Import Value,1000 US$,,,,,,,,,,,,,,,,,,,,,,,,,,,,,,,,615.0,422.0,212.0,205.0,205.0,205.0,205.0,205.0,205.0,205.0,205.0,205.0,205.0,205.0,205.0,205.0,205.0,205.0,205.0,205.0,205.0,205.0,205.0,303.0,426.0,712.0,757.0,637.0,378.0,NRU
39392,Nepal,Forest products (export/import),Import Value,1000 US$,,,,,,,,,,,,,,,,,200.0,200.0,200.0,200.0,400.0,300.0,300.0,856.0,7151.0,6565.0,5789.0,2739.0,1394.0,3600.0,3860.0,5082.0,523.0,639.0,2233.0,424.0,2340.0,1445.0,2574.0,2574.0,3960.0,2171.0,14604.0,17951.0,16700.0,9579.0,15149.0,20064.0,47920.0,53952.0,68343.0,20437.0,30213.0,82258.0,65765.0,101820.0,117518.0,85110.0,82546.0,60617.0,NPL
39667,Netherlands,Forest products (export/import),Import Value,1000 US$,231788.0,230077.0,261332.0,339215.0,344622.0,339794.0,328329.0,426335.0,496833.0,566998.0,509547.0,580376.0,937097.0,1324582.0,1132577.0,1450024.0,1665166.0,1948996.0,2481007.0,2678061.0,2147543.0,2054942.0,1906937.0,2162941.0,1905282.0,2739016.0,3356363.0,3761246.0,4084087.0,4741184.0,4440011.0,4537527.0,3820587.0,4110849.0,5195444.0,5056646.0,4657664.0,5092975.0,4913288.0,4502543.0,4163851.0,4262491.0,5056065.0,5288969.0,5756012.0,6248240.0,7413763.0,7846643.0,6289361.0,7229071.0,7125348.0,7049775.0,5957870.0,5800371.0,4569287.0,4436101.0,5020080.0,6149869.0,5396839.0,5514930.0,NLD
40503,New Zealand,Forest products (export/import),Import Value,1000 US$,25268.0,18273.0,18310.0,17780.0,18658.0,14974.0,12144.0,12926.0,15581.0,20162.0,16426.0,18243.0,25700.0,50977.0,33743.0,41017.0,46159.0,40496.0,61817.0,82225.0,72787.0,106338.0,63887.0,72489.0,113888.0,122446.0,178199.0,167502.0,168584.0,211288.0,187275.0,294939.0,258934.0,229468.0,313483.0,284563.0,309480.0,297920.0,269521.0,264917.0,262966.0,303426.0,368958.0,453466.0,490787.0,492365.0,557691.0,551833.0,390569.0,542697.0,583321.0,548177.0,578931.0,660317.0,640905.0,531633.0,548043.0,586220.0,589594.0,521243.0,NZL
40867,Nicaragua,Forest products (export/import),Import Value,1000 US$,1088.0,1214.0,1633.0,1993.0,2317.0,2922.0,4003.0,3528.0,4034.0,5133.0,3921.0,5915.0,7777.0,11199.0,10808.0,13904.0,14114.0,12363.0,9741.0,13321.0,10707.0,12368.0,11637.0,13237.0,11898.0,18049.0,14342.0,8231.0,8383.0,6708.0,6537.0,13544.0,16698.0,11857.0,6624.0,10919.0,9333.0,16812.0,16267.0,21806.0,21816.0,17256.0,28476.0,30231.0,30231.0,29764.0,31767.0,38230.0,37348.0,49605.0,46224.0,42440.0,44676.0,51664.0,31972.0,55879.0,85844.0,72111.0,36923.0,47085.0,NIC
41147,Niger,Forest products (export/import),Import Value,1000 US$,152.0,291.0,254.0,393.0,179.0,418.0,405.0,456.0,456.0,429.0,429.0,429.0,429.0,361.0,1323.0,239.0,285.0,285.0,413.0,433.0,1958.0,3103.0,4321.0,4132.0,4600.0,2707.0,4224.0,6879.0,6200.0,6230.0,3893.0,1294.0,714.0,942.0,696.0,2108.0,5124.0,6001.0,6329.0,3479.0,4324.0,5060.0,10145.0,7975.0,7975.0,8784.0,8503.0,9085.0,5839.0,9269.0,10489.0,10771.0,21221.0,19176.0,14963.0,14495.0,34383.0,17745.0,10501.0,2727.0,NER
41374,Nigeria,Forest products (export/import),Import Value,1000 US$,5424.0,7256.0,7577.0,8345.0,12815.0,12171.0,11513.0,12049.0,15960.0,27898.0,34434.0,30818.0,49456.0,87094.0,122573.0,172521.0,197763.0,223850.0,204584.0,248332.0,427174.0,288774.0,277219.0,159983.0,151473.0,92946.0,36883.0,115811.0,69545.0,97556.0,95393.0,87736.0,77057.0,82852.0,52383.0,47733.0,83767.0,107960.0,138966.0,148779.0,131232.0,133608.0,165689.0,241282.0,243124.0,256848.0,308961.0,448091.0,540561.0,652276.0,643875.0,447854.0,593800.0,656296.0,501154.0,502475.0,628588.0,611996.0,505870.0,479233.0,NGA
41685,Niue,Forest products (export/import),Import Value,1000 US$,,,,,,,,,,,,,,,,,,,,,,,,,,,,,,,,142.0,223.0,329.0,325.0,325.0,325.0,325.0,325.0,325.0,325.0,325.0,325.0,325.0,325.0,325.0,325.0,325.0,325.0,325.0,325.0,325.0,325.0,325.0,648.0,992.0,483.0,595.0,562.0,609.0,NIU
41975,North Macedonia,Forest products (export/import),Import Value,1000 US$,,,,,,,,,,,,,,,,,,,,,,,,,,,,,,,,,22910.0,32701.0,37844.0,37844.0,62586.0,53532.0,72336.0,54495.0,44410.0,55973.0,64976.0,55132.0,55840.0,84659.0,105353.0,122604.0,112667.0,106419.0,124472.0,105679.0,109697.0,115875.0,97992.0,114686.0,113564.0,129251.0,124527.0,121641.0,MKD
42429,Norway,Forest products (export/import),Import Value,1000 US$,51547.0,46558.0,44946.0,60031.0,71172.0,87064.0,89124.0,105754.0,116968.0,156655.0,145764.0,148848.0,202593.0,307722.0,347923.0,292612.0,319219.0,342018.0,410074.0,536279.0,483189.0,430213.0,375795.0,406375.0,435512.0,602401.0,765070.0,810106.0,672328.0,673565.0,704876.0,712628.0,626470.0,840241.0,1531590.0,1424104.0,1130134.0,1089826.0,1020542.0,1009491.0,899690.0,936107.0,1065289.0,1179085.0,1319649.0,1305575.0,1700360.0,1613026.0,1190324.0,1343931.0,1512515.0,1354464.0,1307648.0,1291889.0,1042372.0,1021563.0,1084746.0,1148879.0,1086235.0,1025560.0,NOR
42809,Oman,Forest products (export/import),Import Value,1000 US$,,,,,,,,,,,,,,,,,,,,46994.0,69905.0,57850.0,56694.0,59842.0,62322.0,49760.0,41920.0,48168.0,33388.0,41061.0,41066.0,50480.0,52387.0,34770.0,53403.0,48316.0,14332.0,18696.0,17179.0,18731.0,83127.0,75260.0,75526.0,107392.0,111130.0,114010.0,155444.0,170395.0,164853.0,231238.0,253791.0,312137.0,285193.0,350830.0,324619.0,292661.0,288109.0,256990.0,166978.0,159757.0,OMN
43108,Pakistan,Forest products (export/import),Import Value,1000 US$,12612.0,14596.0,13143.0,15138.0,16714.0,22251.0,28404.0,24546.0,22370.0,16450.0,19221.0,21372.0,37096.0,46605.0,47301.0,36733.0,45382.0,53111.0,64693.0,79760.0,83950.0,89585.0,85095.0,85929.0,101292.0,120535.0,119997.0,146026.0,141770.0,157312.0,158596.0,191549.0,155089.0,184551.0,165513.0,227743.0,165450.0,172154.0,162973.0,162875.0,140923.0,146744.0,178514.0,309155.0,325712.0,402412.0,460627.0,520946.0,520836.0,550762.0,649149.0,540923.0,578835.0,786025.0,710744.0,868899.0,875021.0,1003262.0,777782.0,698849.0,PAK
43446,Palau,Forest products (export/import),Import Value,1000 US$,,,,,,,,,,,,,,,,,,,,,,,,,,,,,,,,1206.0,1686.0,1143.0,1123.0,1123.0,1123.0,1123.0,1123.0,1123.0,1123.0,1123.0,1123.0,1123.0,1123.0,1123.0,1123.0,1123.0,1123.0,1123.0,1879.0,1221.0,1853.0,2104.0,2210.0,1965.0,1465.0,2535.0,1836.0,1445.0,PLW
43792,Panama,Forest products (export/import),Import Value,1000 US$,2714.0,3535.0,5688.0,6367.0,9633.0,11698.0,11150.0,12640.0,13957.0,15301.0,14753.0,16366.0,17836.0,24704.0,17630.0,17934.0,21961.0,30321.0,29729.0,35026.0,36090.0,33735.0,27861.0,37686.0,55750.0,85568.0,52361.0,30734.0,49657.0,79816.0,80077.0,58106.0,90632.0,104346.0,76231.0,96568.0,95362.0,67111.0,67571.0,69346.0,60699.0,65670.0,63529.0,81912.0,82722.0,104563.0,119516.0,149715.0,108842.0,96239.0,128849.0,124159.0,123362.0,123430.0,133207.0,118619.0,129903.0,141958.0,110693.0,86504.0,PAN
44084,Papua New Guinea,Forest products (export/import),Import Value,1000 US$,484.0,362.0,845.0,905.0,833.0,1077.0,1551.0,1529.0,2365.0,3012.0,2584.0,2858.0,551.0,400.0,305.0,1474.0,3700.0,4900.0,5600.0,8600.0,7500.0,4900.0,6400.0,4992.0,5504.0,5806.0,4877.0,4491.0,5993.0,5411.0,5443.0,4015.0,4605.0,6390.0,5501.0,6169.0,10085.0,4103.0,12439.0,9924.0,8875.0,8902.0,8859.0,9692.0,9754.0,10299.0,10363.0,14462.0,13897.0,20381.0,29601.0,29415.0,27800.0,33376.0,21025.0,21385.0,20601.0,20355.0,18683.0,22736.0,PNG
44319,Paraguay,Forest products (export/import),Import Value,1000 US$,501.0,472.0,572.0,728.0,752.0,853.0,1036.0,1058.0,1070.0,1321.0,1091.0,1430.0,1997.0,4692.0,4732.0,4245.0,5543.0,6534.0,8611.0,11524.0,8902.0,11971.0,6077.0,7450.0,8566.0,8638.0,10464.0,13055.0,19193.0,18747.0,20947.0,23020.0,32103.0,27821.0,24747.0,24873.0,24263.0,36067.0,31132.0,29925.0,46420.0,46420.0,47005.0,64258.0,64258.0,64258.0,71976.0,117541.0,106343.0,142288.0,166300.0,150965.0,159670.0,179442.0,114428.0,160897.0,174050.0,200997.0,153030.0,159582.0,PRY
44594,Peru,Forest products (export/import),Import Value,1000 US$,13853.0,14543.0,15173.0,15169.0,17966.0,18551.0,18517.0,18278.0,18908.0,18848.0,25844.0,26831.0,26247.0,39620.0,57706.0,28743.0,42245.0,25167.0,26680.0,38055.0,57267.0,74778.0,48228.0,46198.0,39266.0,59398.0,91691.0,93694.0,102812.0,122960.0,128630.0,66704.0,105850.0,110377.0,122187.0,104761.0,179484.0,166801.0,131522.0,176175.0,181562.0,216662.0,234188.0,273037.0,312728.0,372010.0,435328.0,668427.0,536605.0,677977.0,774011.0,792951.0,839443.0,856159.0,826204.0,779147.0,684667.0,868386.0,911363.0,746364.0,PER
44917,Philippines,Forest products (export/import),Import Value,1000 US$,22192.0,13040.0,14026.0,19890.0,18439.0,25286.0,24723.0,26685.0,28488.0,33434.0,29928.0,30642.0,28450.0,58450.0,35920.0,40310.0,37968.0,67859.0,89013.0,96058.0,90053.0,91392.0,87083.0,96336.0,81217.0,98437.0,133901.0,144435.0,192120.0,227989.0,203955.0,283031.0,341911.0,426465.0,608983.0,720488.0,703701.0,498885.0,617858.0,632319.0,570985.0,572981.0,581099.0,595501.0,675175.0,680153.0,588104.0,539788.0,480978.0,579003.0,804881.0,826849.0,1045254.0,1140252.0,1261052.0,1456561.0,1557088.0,1998627.0,1767003.0,1643097.0,PHL
45352,Poland,Forest products (export/import),Import Value,1000 US$,19235.0,25720.0,19998.0,27644.0,30888.0,26948.0,35446.0,57674.0,72054.0,82017.0,91750.0,99462.0,140642.0,191264.0,237023.0,242084.0,239926.0,260511.0,317167.0,310198.0,246876.0,227030.0,133766.0,134813.0,142972.0,139888.0,253999.0,196473.0,223905.0,96672.0,88892.0,144986.0,315032.0,417242.0,855207.0,1008138.0,1116945.0,1224700.0,1269130.0,1406209.0,1380374.0,1570964.0,1923497.0,2469915.0,2732055.0,3267507.0,4168629.0,4591756.0,3500321.0,4208660.0,4952977.0,4469885.0,4928031.0,5311926.0,4516310.0,4521429.0,5158611.0,6103371.0,5480911.0,5020657.0,POL
45734,Portugal,Forest products (export/import),Import Value,1000 US$,9946.0,8531.0,8989.0,11239.0,14934.0,15767.0,18305.0,25889.0,31751.0,33957.0,34124.0,39642.0,60899.0,87267.0,63602.0,42515.0,128135.0,75976.0,92592.0,161442.0,181559.0,161521.0,120360.0,112050.0,167610.0,215816.0,279782.0,453789.0,466308.0,678237.0,501401.0,638921.0,704020.0,820004.0,1155504.0,1133592.0,1106549.0,1001094.0,913430.0,965044.0,925607.0,892204.0,1007565.0,1129616.0,1155653.0,1207277.0,1553257.0,1573373.0,1276211.0,1440849.0,1510661.0,1234884.0,1517207.0,1505221.0,1467804.0,1403649.0,1541892.0,1706562.0,1590122.0,1381709.0,PRT
46116,Qatar,Forest products (export/import),Import Value,1000 US$,,,,,,,,,1668.0,1890.0,2102.0,1465.0,1832.0,3446.0,2610.0,5305.0,6565.0,8015.0,11642.0,18412.0,20855.0,17660.0,17065.0,17065.0,18015.0,12699.0,13071.0,12971.0,11098.0,11051.0,11094.0,13117.0,8881.0,11316.0,10331.0,11780.0,16678.0,19926.0,15680.0,14657.0,39998.0,25310.0,33630.0,49743.0,65836.0,112880.0,74723.0,203433.0,109409.0,158290.0,147013.0,169788.0,199791.0,278765.0,306450.0,256330.0,198641.0,248290.0,210628.0,178035.0,QAT
46379,Republic of Korea,Forest products (export/import),Import Value,1000 US$,14945.0,22554.0,25101.0,20479.0,21304.0,47475.0,62244.0,121792.0,130355.0,166017.0,208778.0,178935.0,376845.0,468577.0,391644.0,579286.0,711381.0,861571.0,1310687.0,1214456.0,1064583.0,971836.0,961156.0,1064602.0,982449.0,1095024.0,1537023.0,2280970.0,2660130.0,2808246.0,3080248.0,3073799.0,3254619.0,3759054.0,4979601.0,4449030.0,3739686.0,2082533.0,2950053.0,3717362.0,3159106.0,3545588.0,3619199.0,3937311.0,3991633.0,4299657.0,5109597.0,5435883.0,4203233.0,5477656.0,5755807.0,5318639.0,5637150.0,6083988.0,5647564.0,5720897.0,6133242.0,6947724.0,5699753.0,5053424.0,KOR
46746,Republic of Moldova,Forest products (export/import),Import Value,1000 US$,,,,,,,,,,,,,,,,,,,,,,,,,,,,,,,,4460.0,10805.0,20254.0,19628.0,18929.0,19171.0,28765.0,28765.0,26741.0,29654.0,32555.0,34663.0,28087.0,32726.0,52481.0,66550.0,70328.0,69126.0,75752.0,111159.0,103770.0,107406.0,116396.0,104283.0,93833.0,110426.0,121196.0,126416.0,125375.0,MDA
47235,Romania,Forest products (export/import),Import Value,1000 US$,4721.0,5690.0,2190.0,2771.0,2921.0,4575.0,6100.0,13566.0,17140.0,25153.0,29787.0,32114.0,36520.0,53020.0,54810.0,52900.0,50900.0,47720.0,81682.0,100039.0,123875.0,91860.0,90660.0,119060.0,117360.0,115697.0,119366.0,104143.0,78520.0,118860.0,82539.0,74119.0,41119.0,78951.0,128675.0,118046.0,152643.0,189595.0,165360.0,189590.0,222877.0,288678.0,387972.0,527088.0,637552.0,616006.0,900586.0,888292.0,796681.0,799858.0,807658.0,873772.0,981817.0,999587.0,1014049.0,1123342.0,1207191.0,1421882.0,1268489.0,1222155.0,ROU
47601,Russian Federation,Forest products (export/import),Import Value,1000 US$,,,,,,,,,,,,,,,,,,,,,,,,,,,,,,,,71881.0,102933.0,109564.0,113923.0,602062.0,771976.0,427370.0,346450.0,388111.0,521279.0,717235.0,968735.0,1135971.0,1427770.0,1697409.0,2245502.0,2656903.0,2094974.0,2437640.0,2883728.0,3024916.0,3242621.0,2920918.0,1896912.0,1828363.0,1916566.0,2089436.0,1942921.0,1916168.0,RUS
47954,Rwanda,Forest products (export/import),Import Value,1000 US$,,,,,,208.0,150.0,150.0,153.0,153.0,153.0,153.0,153.0,464.0,388.0,467.0,453.0,453.0,681.0,1131.0,2690.0,3218.0,2056.0,2789.0,2377.0,2506.0,3469.0,3713.0,10387.0,9667.0,10308.0,1338.0,734.0,817.0,1643.0,2706.0,1456.0,3597.0,2553.0,1652.0,1652.0,1652.0,1652.0,3016.0,3016.0,3016.0,3016.0,18626.0,10435.0,6868.0,14341.0,12377.0,12983.0,17859.0,20851.0,21932.0,17648.0,23025.0,41411.0,18501.0,RWA
48343,Saint Kitts and Nevis,Forest products (export/import),Import Value,1000 US$,,,,,,,,,,,,,,,,,,,,,,,,,,,,,,16.0,30.0,459.0,1738.0,1797.0,1797.0,1797.0,1797.0,1797.0,1797.0,1797.0,1797.0,1797.0,1797.0,1797.0,1797.0,1797.0,1797.0,1797.0,5654.0,4342.0,3756.0,3336.0,3814.0,3795.0,12650.0,13646.0,12224.0,10976.0,7090.0,7114.0,KNA
48467,Saint Lucia,Forest products (export/import),Import Value,1000 US$,,,,,,,,,,,,,,,,,,,,,,,,,,,,,,33.0,317.0,10464.0,10274.0,11751.0,11715.0,11715.0,11715.0,11715.0,11715.0,11715.0,11715.0,11715.0,11715.0,11715.0,11715.0,20370.0,19249.0,19249.0,14737.0,14714.0,15238.0,12847.0,10262.0,13115.0,13817.0,12541.0,12848.0,9101.0,10316.0,8707.0,LCA
48814,Saint Vincent and the Grenadines,Forest products (export/import),Import Value,1000 US$,,,,,,,,,,,,,,,,,300.0,300.0,300.0,500.0,260.0,260.0,2289.0,2984.0,2984.0,2101.0,1132.0,971.0,1880.0,1869.0,1865.0,5736.0,4821.0,4524.0,6578.0,4639.0,12107.0,18545.0,18545.0,18545.0,18545.0,18545.0,18545.0,5462.0,5462.0,5462.0,8345.0,7984.0,8355.0,7196.0,6821.0,7106.0,6043.0,5447.0,7378.0,7765.0,5507.0,6595.0,7741.0,5952.0,VCT
49075,Samoa,Forest products (export/import),Import Value,1000 US$,268.0,336.0,372.0,485.0,384.0,313.0,480.0,497.0,708.0,932.0,676.0,913.0,763.0,307.0,368.0,437.0,467.0,340.0,677.0,677.0,1252.0,1961.0,4717.0,5495.0,3908.0,16665.0,1493.0,1132.0,1053.0,1476.0,1499.0,4620.0,1970.0,1785.0,1724.0,1459.0,668.0,1790.0,2544.0,4707.0,5346.0,4406.0,8519.0,9921.0,9240.0,7499.0,9479.0,7897.0,6012.0,8584.0,10397.0,12274.0,10460.0,10938.0,9700.0,11304.0,9948.0,12464.0,10494.0,10300.0,WSM
49288,San Marino,Forest products (export/import),Import Value,1000 US$,,,,,,,,,,,,,,,,,,,,,,,,,,,,,,,,,,,,,,,,,,,,,,,,,,,,,,,1096.0,1609.0,1375.0,2373.0,15205.0,11351.0,SMR
49416,Sao Tome and Principe,Forest products (export/import),Import Value,1000 US$,,,,,,,,,,,,,,,,,,,,,,,,,,,,,,,,234.0,159.0,102.0,144.0,282.0,208.0,199.0,484.0,484.0,484.0,283.0,420.0,563.0,563.0,290.0,652.0,4208.0,2124.0,443.0,516.0,688.0,608.0,716.0,469.0,1343.0,1294.0,740.0,638.0,456.0,STP
49618,Saudi Arabia,Forest products (export/import),Import Value,1000 US$,,,,,,,,13747.0,18936.0,16327.0,18453.0,27901.0,45291.0,70017.0,89572.0,244416.0,339717.0,313533.0,454189.0,574190.0,637236.0,687485.0,560485.0,515156.0,438015.0,348876.0,371128.0,381911.0,293146.0,365992.0,504871.0,569392.0,634368.0,953925.0,932537.0,651255.0,609422.0,745147.0,811991.0,848968.0,858795.0,775608.0,804740.0,921442.0,991817.0,1035342.0,2265567.0,2131964.0,2095908.0,2121413.0,2438074.0,2574272.0,2533794.0,2592886.0,2583165.0,2074403.0,1968415.0,2179981.0,1814568.0,1813552.0,SAU
49916,Senegal,Forest products (export/import),Import Value,1000 US$,2383.0,2358.0,3015.0,1843.0,2000.0,2462.0,3199.0,2968.0,3037.0,3794.0,3929.0,5099.0,7189.0,9231.0,9576.0,12938.0,12598.0,13432.0,16971.0,18279.0,30504.0,35301.0,31926.0,28326.0,22092.0,19228.0,23412.0,36359.0,28074.0,33082.0,28124.0,16582.0,24679.0,30731.0,28892.0,23707.0,22721.0,23549.0,45294.0,40918.0,50893.0,52519.0,52519.0,52519.0,52519.0,52519.0,95906.0,123883.0,87682.0,72980.0,88358.0,99577.0,102278.0,93529.0,85644.0,94797.0,99808.0,112963.0,120749.0,126687.0,SEN
50173,Serbia,Forest products (export/import),Import Value,1000 US$,,,,,,,,,,,,,,,,,,,,,,,,,,,,,,,,,,,,,,,,,,,,,,540934.0,754104.0,773464.0,585996.0,514248.0,621936.0,575648.0,594759.0,660671.0,491522.0,537714.0,635455.0,732444.0,674580.0,664272.0,SRB
50808,Seychelles,Forest products (export/import),Import Value,1000 US$,,,,,,,,,,,,,,,,,,,,,,,,,,,,,,1379.0,352.0,6959.0,324.0,1416.0,1416.0,1416.0,1416.0,1416.0,1416.0,1416.0,1416.0,1416.0,1416.0,1416.0,1416.0,1416.0,1416.0,4184.0,11385.0,9676.0,10238.0,8612.0,12233.0,14434.0,17080.0,18683.0,15904.0,16031.0,20939.0,14001.0,SYC
51060,Sierra Leone,Forest products (export/import),Import Value,1000 US$,1053.0,811.0,1403.0,1039.0,1291.0,950.0,634.0,729.0,920.0,1051.0,949.0,930.0,1613.0,2043.0,1224.0,990.0,667.0,2917.0,1130.0,1130.0,2135.0,1717.0,1477.0,1370.0,985.0,747.0,1340.0,1368.0,918.0,1539.0,2061.0,1848.0,1275.0,1409.0,942.0,1884.0,3260.0,1504.0,2053.0,4426.0,4426.0,2838.0,5588.0,4550.0,4550.0,2860.0,7314.0,6290.0,5439.0,8049.0,8116.0,5667.0,5998.0,9908.0,11316.0,8589.0,7568.0,8803.0,9758.0,8915.0,SLE
51305,Singapore,Forest products (export/import),Import Value,1000 US$,,,,27442.0,30275.0,37380.0,43340.0,55410.0,62953.0,77705.0,85195.0,94774.0,186597.0,218799.0,169705.0,255902.0,290303.0,376684.0,522491.0,545637.0,552432.0,464830.0,526127.0,461011.0,364269.0,439841.0,550686.0,750911.0,714257.0,897272.0,992184.0,1026834.0,800753.0,1146581.0,1574565.0,1298060.0,1094378.0,937423.0,889038.0,928252.0,723909.0,532970.0,655029.0,719852.0,772607.0,914418.0,967916.0,1125562.0,875142.0,1045368.0,1590664.0,1669897.0,1633500.0,1681442.0,1420594.0,1438088.0,1498919.0,1739601.0,1548963.0,1314962.0,SGP
51622,Slovakia,Forest products (export/import),Import Value,1000 US$,,,,,,,,,,,,,,,,,,,,,,,,,,,,,,,,,32681.0,93184.0,141491.0,151373.0,236781.0,238083.0,237437.0,293449.0,295876.0,331988.0,486391.0,540377.0,569466.0,697058.0,1044913.0,1062134.0,815626.0,1172540.0,1070829.0,1124921.0,949635.0,990330.0,821204.0,818983.0,865973.0,984817.0,911623.0,846616.0,SVK
51976,Slovenia,Forest products (export/import),Import Value,1000 US$,,,,,,,,,,,,,,,,,,,,,,,,,,,,,,,,276830.0,254761.0,322176.0,347821.0,287560.0,481535.0,331894.0,346378.0,392001.0,352550.0,378854.0,469293.0,556883.0,594838.0,618383.0,904753.0,913159.0,727448.0,833385.0,896487.0,877200.0,918687.0,965080.0,882123.0,965801.0,1034848.0,1243805.0,1110905.0,1046592.0,SVN
52326,Solomon Islands,Forest products (export/import),Import Value,1000 US$,83.0,34.0,19.0,89.0,109.0,53.0,49.0,128.0,116.0,91.0,154.0,241.0,162.0,167.0,196.0,163.0,177.0,196.0,592.0,992.0,2292.0,2292.0,2292.0,2292.0,2292.0,2292.0,400.0,633.0,636.0,666.0,666.0,487.0,321.0,797.0,833.0,298.0,353.0,309.0,420.0,264.0,264.0,324.0,324.0,444.0,444.0,444.0,444.0,1164.0,1646.0,2441.0,2146.0,2257.0,1674.0,2182.0,2739.0,6377.0,5034.0,4516.0,2231.0,2865.0,SLB
52517,Somalia,Forest products (export/import),Import Value,1000 US$,140.0,140.0,945.0,897.0,815.0,321.0,301.0,824.0,146.0,489.0,558.0,1263.0,3792.0,10657.0,8172.0,4944.0,9141.0,4133.0,3214.0,5370.0,5941.0,2224.0,2224.0,2224.0,2170.0,5647.0,1559.0,4700.0,1866.0,873.0,873.0,46.0,80.0,185.0,171.0,172.0,77.0,257.0,576.0,1719.0,1101.0,1103.0,352.0,456.0,456.0,620.0,328.0,6672.0,4122.0,3413.0,4252.0,24999.0,32401.0,38536.0,66752.0,50876.0,38155.0,78563.0,56218.0,46669.0,SOM
52728,South Africa,Forest products (export/import),Import Value,1000 US$,62184.0,57056.0,71029.0,82019.0,87339.0,66323.0,77676.0,83487.0,107265.0,128798.0,112942.0,69282.0,148961.0,272643.0,194423.0,156234.0,128085.0,155092.0,165252.0,327027.0,309332.0,225036.0,247734.0,240137.0,225449.0,212605.0,211467.0,309895.0,210217.0,233362.0,233722.0,458340.0,330639.0,480526.0,566926.0,532648.0,492291.0,511119.0,486414.0,486414.0,351856.0,442573.0,561387.0,633781.0,715657.0,887099.0,1031829.0,955456.0,785709.0,956485.0,1081352.0,1043637.0,1135319.0,1196157.0,1123754.0,1059802.0,1116034.0,1276988.0,1130040.0,831630.0,ZAF
53100,South Sudan,Forest products (export/import),Import Value,1000 US$,,,,,,,,,,,,,,,,,,,,,,,,,,,,,,,,,,,,,,,,,,,,,,,,,,,,159.0,156.0,156.0,20538.0,282.0,317.0,928.0,849.0,1887.0,SSD
53225,Spain,Forest products (export/import),Import Value,1000 US$,23386.0,37210.0,45876.0,56136.0,78203.0,91981.0,90310.0,130119.0,169312.0,196706.0,195807.0,269219.0,431663.0,618234.0,500511.0,553976.0,575347.0,553436.0,737879.0,969350.0,722713.0,708328.0,601144.0,630573.0,759337.0,983656.0,1346047.0,1476943.0,2035636.0,2573582.0,2745431.0,2971403.0,2226371.0,2601942.0,3833527.0,3280632.0,3719661.0,4272836.0,3993523.0,4338232.0,4312463.0,4195928.0,5083557.0,5173206.0,5824414.0,6326040.0,7169847.0,6794219.0,4962922.0,4878024.0,5405800.0,4509960.0,4763302.0,4783346.0,4343773.0,4317758.0,4513584.0,5073497.0,4528091.0,3929690.0,ESP
53607,Sri Lanka,Forest products (export/import),Import Value,1000 US$,10168.0,11190.0,9095.0,10995.0,9495.0,14151.0,11937.0,7906.0,9799.0,9536.0,12218.0,8355.0,8355.0,11231.0,10211.0,6653.0,9798.0,10279.0,18462.0,37743.0,36488.0,36693.0,30336.0,25236.0,32149.0,26408.0,50304.0,81006.0,61209.0,74252.0,71448.0,88301.0,31999.0,91781.0,82298.0,85179.0,76472.0,81529.0,82561.0,80815.0,157101.0,107371.0,154078.0,201198.0,200623.0,130597.0,216777.0,318419.0,259579.0,378659.0,471475.0,378181.0,405517.0,502705.0,462437.0,493334.0,482410.0,466666.0,343948.0,358707.0,LKA
53917,Sudan,Forest products (export/import),Import Value,1000 US$,,,,,,,,,,,,,,,,,,,,,,,,,,,,,,,,,,,,,,,,,,,,,,,,,,,,105116.0,180006.0,200841.0,118251.0,123892.0,126241.0,115432.0,102844.0,89949.0,SDN
54379,Suriname,Forest products (export/import),Import Value,1000 US$,773.0,764.0,748.0,743.0,639.0,956.0,1769.0,3483.0,1904.0,1431.0,1967.0,2274.0,4594.0,5658.0,6943.0,7728.0,8756.0,10218.0,10870.0,10820.0,11410.0,13020.0,13020.0,9420.0,8310.0,3974.0,4404.0,3596.0,3684.0,2640.0,2640.0,2370.0,2341.0,1127.0,2503.0,1433.0,1583.0,1164.0,1568.0,2463.0,2601.0,4041.0,4982.0,5167.0,5839.0,9134.0,11843.0,18669.0,14112.0,12361.0,14872.0,15809.0,14629.0,12915.0,12433.0,10821.0,11441.0,11377.0,11338.0,8903.0,SUR
54612,Sweden,Forest products (export/import),Import Value,1000 US$,52627.0,47816.0,49315.0,54646.0,65541.0,64275.0,67235.0,78859.0,93033.0,107952.0,108251.0,121544.0,170334.0,259300.0,331577.0,375218.0,403225.0,326149.0,485885.0,688630.0,721157.0,499867.0,447218.0,515452.0,579222.0,831063.0,1101051.0,1218913.0,1210422.0,1136016.0,1085224.0,1113579.0,820130.0,1214220.0,1647499.0,1341981.0,1398358.0,1547404.0,1645465.0,1743034.0,1552992.0,1513396.0,1854636.0,2164348.0,2423579.0,2520925.0,3163117.0,3314597.0,2219989.0,2759672.0,3037568.0,2754048.0,2757935.0,2687584.0,2146113.0,2210139.0,2437910.0,2938875.0,2644391.0,2329933.0,SWE
54994,Switzerland,Forest products (export/import),Import Value,1000 US$,80610.0,82068.0,88968.0,92189.0,89359.0,93027.0,95685.0,124172.0,151477.0,192205.0,185868.0,222115.0,296083.0,428830.0,327010.0,381209.0,423383.0,562729.0,698138.0,876875.0,791701.0,671797.0,679609.0,739672.0,755938.0,1060785.0,1340121.0,1472936.0,2005412.0,2490773.0,2161973.0,2015013.0,1947835.0,2270207.0,2871505.0,2518240.0,2211771.0,2155632.0,1619775.0,1641611.0,1593948.0,1637232.0,2042333.0,2208174.0,2240728.0,2027974.0,2263004.0,2457870.0,1969288.0,2193172.0,2244750.0,1908694.0,1922037.0,1963969.0,1632596.0,1577230.0,1615761.0,1709103.0,1532709.0,1429711.0,CHE
55368,Syrian Arab Republic,Forest products (export/import),Import Value,1000 US$,13953.0,19754.0,8435.0,8499.0,10404.0,10225.0,11840.0,13508.0,13092.0,17372.0,13698.0,17111.0,30727.0,60926.0,47694.0,35413.0,79305.0,95223.0,100111.0,159028.0,156416.0,135407.0,116453.0,111040.0,115189.0,115100.0,66309.0,45706.0,56123.0,48788.0,49057.0,113099.0,72196.0,96729.0,68836.0,77032.0,134228.0,139742.0,141791.0,145047.0,158311.0,130190.0,318377.0,395025.0,391295.0,282590.0,412005.0,390383.0,367643.0,449506.0,431555.0,214595.0,112431.0,144875.0,85506.0,90693.0,126727.0,165922.0,144164.0,94927.0,SYR
55650,Tajikistan,Forest products (export/import),Import Value,1000 US$,,,,,,,,,,,,,,,,,,,,,,,,,,,,,,,,25.0,101.0,101.0,101.0,695.0,695.0,3508.0,4096.0,4096.0,4096.0,4096.0,4096.0,15902.0,20202.0,20202.0,11244.0,12035.0,11453.0,11303.0,127888.0,130462.0,142688.0,148056.0,91943.0,91942.0,91942.0,91942.0,93233.0,79286.0,TJK
55961,Thailand,Forest products (export/import),Import Value,1000 US$,10768.0,8816.0,9859.0,13548.0,14319.0,18877.0,22833.0,26612.0,31690.0,30997.0,34168.0,35984.0,56516.0,66555.0,73117.0,86481.0,104847.0,153228.0,261633.0,225701.0,290140.0,238042.0,287551.0,301875.0,265066.0,257431.0,412156.0,526701.0,776523.0,1035196.0,1209019.0,1418174.0,1417054.0,1861111.0,2399246.0,2049654.0,1528178.0,707146.0,982760.0,1221909.0,1106810.0,1030600.0,1072863.0,1401437.0,1691581.0,1625420.0,1808234.0,2139329.0,1589503.0,2149082.0,2345252.0,1977701.0,1923001.0,2263634.0,2221338.0,2155338.0,2309987.0,2397795.0,2126451.0,1916404.0,THA
56314,Timor-Leste,Forest products (export/import),Import Value,1000 US$,,,,,,,,,,,,,,,,,,,,,,,,,,,,,,,,,9.0,121.0,138.0,154.0,154.0,154.0,154.0,154.0,154.0,170.0,288.0,491.0,491.0,355.0,395.0,494.0,565.0,941.0,2566.0,3536.0,1540.0,4382.0,2907.0,4654.0,4286.0,4951.0,3758.0,3615.0,TLS
56513,Togo,Forest products (export/import),Import Value,1000 US$,299.0,405.0,279.0,643.0,625.0,700.0,499.0,526.0,617.0,743.0,634.0,451.0,404.0,214.0,379.0,1803.0,2832.0,496.0,1094.0,483.0,3071.0,2531.0,2506.0,2506.0,3052.0,1291.0,1544.0,1793.0,2202.0,3248.0,4013.0,1845.0,1068.0,2064.0,4158.0,3324.0,2315.0,4638.0,4933.0,4349.0,4318.0,2943.0,9129.0,4208.0,4289.0,2926.0,6718.0,11394.0,5600.0,5794.0,7870.0,30524.0,14773.0,19211.0,7638.0,9808.0,14060.0,23023.0,14361.0,15831.0,TGO
56760,Tokelau,Forest products (export/import),Import Value,1000 US$,,,,,,,,,,,,,,,,,,,,,,,,,,,,,,,,54.0,2.0,2.0,2.0,2.0,2.0,2.0,2.0,2.0,2.0,2.0,2.0,2.0,2.0,2.0,2.0,2.0,2.0,2.0,2.0,2.0,2.0,2.0,1.0,54.0,56.0,116.0,50.0,87.0,TKL
56856,Tonga,Forest products (export/import),Import Value,1000 US$,,,,,,,,,,,,,,,,,,,,,,2614.0,1577.0,2054.0,2035.0,2166.0,2166.0,1684.0,2053.0,2027.0,2069.0,1886.0,1700.0,2530.0,1953.0,1013.0,611.0,1651.0,2066.0,1957.0,2019.0,2539.0,2681.0,3541.0,3521.0,3829.0,3120.0,3371.0,2916.0,6194.0,4224.0,4021.0,5625.0,8344.0,4425.0,5409.0,4786.0,5276.0,3675.0,5871.0,TON
57053,Trinidad and Tobago,Forest products (export/import),Import Value,1000 US$,4999.0,5404.0,5341.0,6767.0,6782.0,8187.0,9751.0,10166.0,11215.0,11890.0,13806.0,16244.0,15068.0,28857.0,26736.0,28095.0,32988.0,55681.0,60673.0,98889.0,96141.0,131246.0,132113.0,115698.0,77301.0,70969.0,68527.0,44720.0,54535.0,54230.0,47527.0,55105.0,54399.0,57331.0,77220.0,73992.0,71114.0,85770.0,79192.0,77852.0,112384.0,88213.0,117644.0,132038.0,135530.0,118147.0,116031.0,125263.0,115401.0,119578.0,123474.0,116718.0,122283.0,138151.0,111782.0,98901.0,81504.0,96876.0,95993.0,68750.0,TTO
57310,Tunisia,Forest products (export/import),Import Value,1000 US$,8677.0,8024.0,7952.0,12229.0,10123.0,11793.0,12530.0,9310.0,10681.0,13708.0,15005.0,14050.0,20949.0,59056.0,46543.0,47369.0,54518.0,67565.0,75104.0,77504.0,92441.0,98023.0,79887.0,115786.0,117236.0,111198.0,113097.0,113968.0,140280.0,197251.0,173430.0,213217.0,123297.0,214806.0,238502.0,172681.0,223886.0,194511.0,135564.0,187329.0,159318.0,153043.0,182039.0,309828.0,302686.0,333216.0,451481.0,516515.0,447949.0,617775.0,558347.0,434014.0,440867.0,483738.0,363541.0,440781.0,371803.0,422303.0,375910.0,292362.0,TUN
57638,Turkey,Forest products (export/import),Import Value,1000 US$,9084.0,11083.0,10909.0,6617.0,14081.0,11378.0,20945.0,21595.0,21944.0,17657.0,37341.0,19025.0,22002.0,22933.0,40661.0,54649.0,49984.0,34089.0,51727.0,78302.0,80789.0,81123.0,56806.0,87067.0,99188.0,101584.0,285079.0,309571.0,319421.0,380197.0,326289.0,472048.0,839423.0,517354.0,903313.0,931969.0,883160.0,984212.0,963600.0,1250694.0,808887.0,1052445.0,1122741.0,1362197.0,2755749.0,2789829.0,3403319.0,3573674.0,2713653.0,3791122.0,4376924.0,4244945.0,4256021.0,4229374.0,3888592.0,4072024.0,4237059.0,4102907.0,3448552.0,3235441.0,TUR
58011,Turkmenistan,Forest products (export/import),Import Value,1000 US$,,,,,,,,,,,,,,,,,,,,,,,,,,,,,,,,453.0,229.0,806.0,804.0,1193.0,2653.0,1379.0,3880.0,3880.0,3880.0,3880.0,3880.0,3880.0,3880.0,3880.0,3880.0,3880.0,3880.0,3880.0,81904.0,188371.0,196506.0,174036.0,146302.0,146302.0,146302.0,63998.0,53358.0,53358.0,TKM
58512,Tuvalu,Forest products (export/import),Import Value,1000 US$,,,,,,,,,,,,,,,,,,,,,,,,,,,,,,,8.0,210.0,98.0,325.0,323.0,323.0,323.0,323.0,323.0,323.0,323.0,323.0,323.0,323.0,323.0,323.0,323.0,323.0,323.0,323.0,323.0,323.0,323.0,323.0,482.0,915.0,841.0,1512.0,1220.0,314.0,TUV
58626,Uganda,Forest products (export/import),Import Value,1000 US$,684.0,737.0,846.0,1165.0,1918.0,2332.0,2959.0,5655.0,6537.0,4026.0,6543.0,3301.0,2838.0,5065.0,3546.0,3499.0,3499.0,3499.0,3500.0,3501.0,3491.0,898.0,898.0,898.0,1166.0,1802.0,3818.0,4673.0,1448.0,2109.0,2109.0,1208.0,2011.0,2041.0,3323.0,1061.0,4644.0,4222.0,17787.0,17787.0,17870.0,13973.0,29400.0,39064.0,39064.0,36126.0,46042.0,68398.0,26944.0,64203.0,79663.0,72809.0,72809.0,74031.0,76058.0,76830.0,98510.0,122713.0,62537.0,84826.0,UGA
58914,Ukraine,Forest products (export/import),Import Value,1000 US$,,,,,,,,,,,,,,,,,,,,,,,,,,,,,,,,1971.0,6867.0,6867.0,7493.0,278350.0,268127.0,236493.0,240215.0,250125.0,358399.0,464050.0,643886.0,576066.0,731196.0,838803.0,1109257.0,1110423.0,1072624.0,1154836.0,1341582.0,1045943.0,1174044.0,1132880.0,1122580.0,1111825.0,872023.0,1011701.0,951846.0,881706.0,UKR
59263,United Arab Emirates,Forest products (export/import),Import Value,1000 US$,,,,,,,,,,,,,,,,,,,,,,,,,,,,,,195.0,2174.0,206171.0,239514.0,308382.0,277643.0,257240.0,286241.0,328207.0,297934.0,345705.0,364236.0,337281.0,402383.0,621636.0,657075.0,677902.0,1183340.0,1645042.0,962200.0,1199628.0,1557082.0,1446944.0,1611870.0,1737780.0,1729148.0,1584236.0,1948209.0,2169542.0,1864865.0,1730878.0,ARE
59554,United Kingdom of Great Britain and Northern Ireland,Forest products (export/import),Import Value,1000 US$,961310.0,920745.0,1003942.0,1225390.0,1228023.0,1156478.0,1223497.0,1525045.0,1554866.0,1713201.0,1801017.0,1983072.0,2929058.0,4178877.0,3229640.0,3701887.0,4099556.0,4278057.0,5653105.0,5830896.0,5564611.0,5527460.0,5177678.0,5346668.0,5146967.0,6226018.0,8130510.0,10430210.0,10334880.0,10458641.0,8995091.0,9148606.0,8119893.0,8840202.0,9349269.0,8984086.0,9992619.0,9421622.0,9036015.0,8984570.0,9025470.0,8556305.0,9960599.0,11312497.0,10886752.0,11343295.0,13641588.0,11783021.0,9093756.0,10447312.0,10724661.0,10141801.0,10526317.0,11676931.0,11481433.0,10032098.0,10099297.0,11012564.0,10587062.0,9586069.0,GBR
59936,United Republic of Tanzania,Forest products (export/import),Import Value,1000 US$,1001.0,1165.0,1085.0,1819.0,2301.0,2767.0,3017.0,3693.0,3915.0,5402.0,6542.0,5020.0,7993.0,13883.0,11900.0,11200.0,12200.0,13200.0,14600.0,16600.0,16750.0,16900.0,16900.0,18600.0,15700.0,15700.0,15642.0,14432.0,14440.0,13014.0,13014.0,3579.0,8607.0,5940.0,3520.0,3600.0,3555.0,11447.0,22532.0,9966.0,9966.0,6385.0,30000.0,36799.0,36799.0,40602.0,54391.0,63907.0,63907.0,88996.0,91528.0,93561.0,83162.0,135820.0,81877.0,99342.0,94148.0,115783.0,90386.0,72767.0,TZA
60261,United States of America,Forest products (export/import),Import Value,1000 US$,1232916.0,1315989.0,1342726.0,1435079.0,1509931.0,1668551.0,1613316.0,2246390.0,2494417.0,2307552.0,2693678.0,3305989.0,4027252.0,4308018.0,3972088.0,5061356.0,6039024.0,7682589.0,8149222.0,7611628.0,7732662.0,8106301.0,9020518.0,10547022.0,10803714.0,11157833.0,13068210.0,14411694.0,15257301.0,14979366.0,12879239.0,14614755.0,16312954.0,18655770.0,22444014.0,23451813.0,24155826.0,22013262.0,24470316.0,25813389.0,24333065.0,23407105.0,24535277.0,31454313.0,32099565.0,31697398.0,27658858.0,24326145.0,17122207.0,19540624.0,19524853.0,20750096.0,22951175.0,24613016.0,23684847.0,24078119.0,24938438.0,26906092.0,23207681.0,24402751.0,USA
60640,Uruguay,Forest products (export/import),Import Value,1000 US$,10679.0,10488.0,7935.0,10097.0,7460.0,7575.0,8778.0,6925.0,11944.0,12478.0,11338.0,8207.0,11629.0,16389.0,16025.0,13988.0,17180.0,16560.0,26735.0,33486.0,33269.0,20932.0,12308.0,13510.0,15009.0,17359.0,22787.0,22718.0,20837.0,32518.0,30471.0,47643.0,49910.0,58372.0,60480.0,64012.0,88771.0,99447.0,97092.0,95296.0,89773.0,64372.0,61833.0,68882.0,79840.0,86554.0,103949.0,124823.0,109960.0,122142.0,147976.0,124313.0,127027.0,127334.0,100871.0,93511.0,110883.0,117107.0,110536.0,91583.0,URY
61171,Uzbekistan,Forest products (export/import),Import Value,1000 US$,,,,,,,,,,,,,,,,,,,,,,,,,,,,,,,,67.0,2379.0,6706.0,721.0,5840.0,17543.0,24958.0,37231.0,29111.0,35852.0,44015.0,60252.0,95032.0,174746.0,244380.0,368852.0,518995.0,405794.0,408081.0,555434.0,626231.0,761374.0,761374.0,456499.0,486013.0,546769.0,777283.0,845196.0,775941.0,UZB
61504,Vanuatu,Forest products (export/import),Import Value,1000 US$,143.0,157.0,157.0,143.0,143.0,135.0,239.0,287.0,511.0,460.0,571.0,571.0,361.0,404.0,343.0,251.0,251.0,251.0,251.0,251.0,300.0,633.0,451.0,451.0,380.0,380.0,202.0,343.0,101.0,176.0,185.0,203.0,291.0,412.0,368.0,473.0,246.0,570.0,588.0,1132.0,2176.0,4547.0,1856.0,2002.0,1541.0,1948.0,3364.0,2864.0,3233.0,4157.0,4788.0,5417.0,4378.0,4678.0,5446.0,5976.0,5087.0,4839.0,4707.0,6132.0,VUT
61697,Venezuela (Bolivarian Republic of),Forest products (export/import),Import Value,1000 US$,25584.0,28650.0,25680.0,18998.0,21998.0,21287.0,23310.0,36786.0,40406.0,53133.0,47690.0,58152.0,61075.0,102081.0,94232.0,142680.0,172481.0,215349.0,236271.0,249808.0,270895.0,339139.0,277297.0,262505.0,252938.0,223848.0,258005.0,269962.0,229026.0,221559.0,262845.0,440027.0,230291.0,303551.0,406397.0,232418.0,322427.0,301432.0,261232.0,373888.0,407657.0,268911.0,210744.0,337601.0,392870.0,406170.0,395976.0,705515.0,642884.0,454773.0,514917.0,483042.0,532765.0,416482.0,304597.0,135675.0,72572.0,74677.0,50801.0,40204.0,VEN
62022,Viet Nam,Forest products (export/import),Import Value,1000 US$,4617.0,4022.0,4570.0,4569.0,5553.0,7954.0,6144.0,7623.0,8669.0,6727.0,9016.0,9069.0,4089.0,4089.0,3549.0,5149.0,7329.0,5576.0,6915.0,8669.0,8769.0,8279.0,7958.0,8458.0,5286.0,5467.0,8410.0,4446.0,5005.0,6637.0,9722.0,22514.0,36228.0,50693.0,95413.0,83641.0,87439.0,136647.0,132913.0,133425.0,211759.0,241441.0,246413.0,550307.0,587700.0,1265673.0,1335245.0,1549183.0,1702932.0,2101981.0,2318447.0,2522501.0,2980976.0,3508966.0,3451475.0,3427911.0,4484084.0,4572361.0,4926278.0,4761400.0,VNM
62550,Yemen,Forest products (export/import),Import Value,1000 US$,1908.0,2153.0,1907.0,2130.0,2130.0,2127.0,3201.0,1969.0,1659.0,1451.0,3224.0,1104.0,2051.0,3755.0,5293.0,5200.0,8132.0,11902.0,8935.0,19959.0,11656.0,11656.0,11350.0,11350.0,10555.0,10555.0,10555.0,10555.0,10555.0,8063.0,7999.0,61554.0,40402.0,22900.0,49018.0,46009.0,52794.0,53913.0,44915.0,43812.0,83595.0,80463.0,85258.0,145519.0,146264.0,152197.0,190413.0,161582.0,215088.0,231049.0,194670.0,261957.0,311955.0,344021.0,120887.0,189933.0,192875.0,179296.0,170812.0,183232.0,YEM
63047,Zambia,Forest products (export/import),Import Value,1000 US$,141.0,94.0,84.0,3896.0,5640.0,7279.0,8529.0,10854.0,10854.0,9988.0,10435.0,9949.0,8883.0,17834.0,23796.0,14279.0,13679.0,13587.0,16907.0,22353.0,9387.0,8377.0,8377.0,8377.0,7350.0,6627.0,7822.0,7872.0,7922.0,11174.0,10190.0,9172.0,5971.0,2262.0,4471.0,4471.0,2490.0,8117.0,12148.0,2479.0,3851.0,3851.0,3851.0,21232.0,21232.0,21232.0,21232.0,42412.0,39397.0,48921.0,59322.0,36546.0,53807.0,71273.0,38786.0,44432.0,60522.0,77352.0,75158.0,60667.0,ZMB
63348,Zimbabwe,Forest products (export/import),Import Value,1000 US$,13281.0,12914.0,11225.0,10462.0,11177.0,11177.0,11117.0,11584.0,11584.0,11584.0,11584.0,11584.0,11584.0,11584.0,11584.0,17567.0,15975.0,13843.0,19222.0,30843.0,40717.0,27009.0,17080.0,16546.0,16954.0,16202.0,21531.0,9949.0,9144.0,17533.0,18663.0,42437.0,7282.0,9812.0,27700.0,28550.0,29244.0,32130.0,33293.0,34319.0,34388.0,34388.0,34388.0,41964.0,41964.0,41964.0,40317.0,30539.0,28518.0,70026.0,63328.0,76157.0,72207.0,80726.0,65801.0,67390.0,72928.0,104375.0,81082.0,76048.0,ZWE
